노선ID,노선명,정류장순서,station_name,latitude,longitude,mean,cv_score,risk_score
217000006,61,0,경원여객종점,37.31102192048933,126.7527859735608,512.0392749244713,0.9049874042961609,0.498563463144183
217000006,61,0,경원여객종점,37.31102192048933,126.7527859735608,512.0392749244713,0.9049874042961609,0.498563463144183
217000006,61,0,경원여객종점,37.31102192048933,126.7527859735608,512.0392749244713,0.9049874042961609,0.498563463144183
217000006,61,0,경원여객종점,37.311108412814,126.75282757063832,512.0392749244713,0.9049874042961609,0.498563463144183
217000006,61,0,경원여객종점,37.31102192048933,126.7527859735608,512.0392749244713,0.9049874042961609,0.498563463144183
217000006,61,0,경원여객종점,37.31104059483509,126.75278402856044,512.0392749244713,0.9049874042961609,0.498563463144183
217000006,61,1,세경,37.31268377543108,126.75037771843532,512.0392749244713,0.9049874042961609,0.498563463144183
217000006,61,1,세경,37.31268377543108,126.75037771843532,512.0392749244713,0.9049874042961609,0.498563463144183
217000006,61,1,세경,37.312655127732064,126.75054338047642,512.0392749244713,0.9049874042961609,0.498563463144183
217000006,61,1,세경,37.31268377543108,126.75037771843532,512.0392749244713,0.9049874042961609,0.498563463144183
217000006,61,1,세경,37.31267067256628,126.75029569384888,512.0392749244713,0.9049874042961609,0.498563463144183
217000006,61,1,세경,37.31272348774888,126.75045642878342,512.0392749244713,0.9049874042961609,0.498563463144183
217000006,61,1,세경,37.31272348774888,126.75045642878342,512.0392749244713,0.9049874042961609,0.498563463144183
217000006,61,1,세경,37.312680866835976,126.75033583110964,512.0392749244713,0.9049874042961609,0.498563463144183
217000006,61,2,도금단지,37.31539693876964,126.75025148554776,512.0392749244713,0.9049874042961609,0.498563463144183
217000006,61,2,도금단지,37.31539693876964,126.75025148554776,512.0392749244713,0.9049874042961609,0.498563463144183
217000006,61,2,도금단지,37.31539693876964,126.75025148554776,512.0392749244713,0.9049874042961609,0.498563463144183
217000006,61,2,도금단지,37.31537489777359,126.75026982501348,512.0392749244713,0.9049874042961609,0.498563463144183
217000006,61,2,도금단지,37.315396938859735,126.75025148554748,512.0392749244713,0.9049874042961609,0.498563463144183
217000006,61,5,금성제어기(주),37.31499739442002,126.7580751011604,512.0392749244713,0.9049874042961609,0.498563463144183
217000006,61,5,금성제어기(주),37.31499739442002,126.7580751011604,512.0392749244713,0.9049874042961609,0.498563463144183
217000006,61,5,금성제어기(주),37.315029730799765,126.75803858869484,512.0392749244713,0.9049874042961609,0.498563463144183
217000006,61,5,금성제어기(주),37.3150867804687,126.75811611621444,512.0392749244713,0.9049874042961609,0.498563463144183
217000006,61,5,금성제어기(주),37.31508699083199,126.7580828236644,512.0392749244713,0.9049874042961609,0.498563463144183
217000006,61,5,금성제어기(주),37.31508699083199,126.7580828236644,512.0392749244713,0.9049874042961609,0.498563463144183
217000006,61,6,삼화왕관,37.31347630190994,126.7633481722858,512.0392749244713,0.9049874042961609,0.498563463144183
217000006,61,6,삼화왕관,37.31345887712779,126.76333615066804,512.0392749244713,0.9049874042961609,0.498563463144183
217000006,61,6,삼화왕관,37.313579140373086,126.76340180219589,512.0392749244713,0.9049874042961609,0.498563463144183
217000006,61,9,현진제업.한국엘랑코,37.31385240143678,126.7760381106436,512.0392749244713,0.9049874042961609,0.498563463144183
217000006,61,9,현진제업.한국엘랑코,37.31386030130994,126.7760640955432,512.0392749244713,0.9049874042961609,0.498563463144183
217000006,61,9,현진제업.한국엘랑코,37.31385240143678,126.7760381106436,512.0392749244713,0.9049874042961609,0.498563463144183
217000006,61,9,현진제업.한국엘랑코,37.31385240143678,126.7760381106436,512.0392749244713,0.9049874042961609,0.498563463144183
217000006,61,9,현진제업.한국엘랑코,37.31385240143678,126.7760381106436,512.0392749244713,0.9049874042961609,0.498563463144183
217000006,61,11,동아일보,37.318974654648194,126.77836951904544,512.0392749244713,0.9049874042961609,0.498563463144183
217000006,61,11,동아일보,37.31896443961429,126.77837719807228,512.0392749244713,0.9049874042961609,0.498563463144183
217000006,61,11,동아일보,37.318974654648194,126.77836951904544,512.0392749244713,0.9049874042961609,0.498563463144183
217000006,61,15,안산역,37.32482368770457,126.78895801989296,512.0392749244713,0.9049874042961609,0.498563463144183
217000006,61,15,안산역,37.3250524924505,126.7884214531348,512.0392749244713,0.9049874042961609,0.498563463144183
217000006,61,15,안산역,37.32482368770457,126.78895801989296,512.0392749244713,0.9049874042961609,0.498563463144183
217000006,61,15,안산역,37.32482368770457,126.78895801989296,512.0392749244713,0.9049874042961609,0.498563463144183
217000006,61,15,안산역,37.32482368770457,126.78895801989296,512.0392749244713,0.9049874042961609,0.498563463144183
217000006,61,15,안산역,37.32482368770457,126.78895801989296,512.0392749244713,0.9049874042961609,0.498563463144183
217000006,61,15,안산역,37.32482368770457,126.78895801989296,512.0392749244713,0.9049874042961609,0.498563463144183
217000006,61,15,안산역,37.32482368770457,126.78895801989296,512.0392749244713,0.9049874042961609,0.498563463144183
217000006,61,15,안산역,37.3250122991033,126.78837300185076,512.0392749244713,0.9049874042961609,0.498563463144183
217000006,61,15,안산역,37.32501881883426,126.78837746278546,512.0392749244713,0.9049874042961609,0.498563463144183
217000006,61,15,안산역,37.32530991067511,126.78793469483703,512.0392749244713,0.9049874042961609,0.498563463144183
217000006,61,15,안산역,37.3253690994351,126.78799001691284,512.0392749244713,0.9049874042961609,0.498563463144183
217000006,61,15,안산역,37.3253690994351,126.78799001691284,512.0392749244713,0.9049874042961609,0.498563463144183
217000006,61,15,안산역,37.3253086825086,126.78793315255729,512.0392749244713,0.9049874042961609,0.498563463144183
217000006,61,15,안산역,37.325338687758176,126.7879537720154,512.0392749244713,0.9049874042961609,0.498563463144183
217000006,61,15,안산역,37.32530923183459,126.78792292887884,512.0392749244713,0.9049874042961609,0.498563463144183
217000006,61,18,안산역,37.325297098836565,126.78916542603058,512.0392749244713,0.9049874042961609,0.498563463144183
217000006,61,18,안산역,37.32549911547834,126.7887643244156,512.0392749244713,0.9049874042961609,0.498563463144183
217000006,61,18,안산역,37.32541658949901,126.7892814904244,512.0392749244713,0.9049874042961609,0.498563463144183
217000006,61,18,안산역,37.32541658949901,126.7892814904244,512.0392749244713,0.9049874042961609,0.498563463144183
217000006,61,18,안산역,37.325297098836565,126.78916542603058,512.0392749244713,0.9049874042961609,0.498563463144183
217000006,61,18,안산역,37.32533393836794,126.78920182155392,512.0392749244713,0.9049874042961609,0.498563463144183
217000006,61,18,안산역,37.3252095724169,126.78930186397815,512.0392749244713,0.9049874042961609,0.498563463144183
217000006,61,18,안산역,37.32515039327612,126.78924654096164,512.0392749244713,0.9049874042961609,0.498563463144183
217000006,61,18,안산역,37.32521450376538,126.789303384656,512.0392749244713,0.9049874042961609,0.498563463144183
217000006,61,18,안산역,37.32521881128604,126.7893087770406,512.0392749244713,0.9049874042961609,0.498563463144183
217000006,61,18,안산역,37.3251646413592,126.78926327852652,512.0392749244713,0.9049874042961609,0.498563463144183
217000006,61,22,도일시장,37.33658964719761,126.78314749483197,512.0392749244713,0.9049874042961609,0.498563463144183
217000006,61,22,도일시장,37.33659776354451,126.7831754489037,512.0392749244713,0.9049874042961609,0.498563463144183
217000006,61,22,도일시장,37.33658964719761,126.78314749483197,512.0392749244713,0.9049874042961609,0.498563463144183
217000006,61,23,동원아파트,37.33956469965485,126.78405301354395,512.0392749244713,0.9049874042961609,0.498563463144183
217000006,61,23,동원아파트,37.33950073378329,126.78406780941422,512.0392749244713,0.9049874042961609,0.498563463144183
217000006,61,23,동원아파트,37.33956469965485,126.78405301354395,512.0392749244713,0.9049874042961609,0.498563463144183
217000006,61,25,아주아파트.군자도서관,37.3432585886797,126.78387315559048,512.0392749244713,0.9049874042961609,0.498563463144183
217000006,61,25,아주아파트.군자도서관,37.3432585886797,126.78387315559048,512.0392749244713,0.9049874042961609,0.498563463144183
217000006,61,25,아주아파트.군자도서관,37.3432585886797,126.78387315559048,512.0392749244713,0.9049874042961609,0.498563463144183
217000006,61,25,아주아파트.군자도서관,37.3432531459129,126.7839172451615,512.0392749244713,0.9049874042961609,0.498563463144183
217000006,61,25,아주아파트.군자도서관,37.3432585886797,126.78387315559048,512.0392749244713,0.9049874042961609,0.498563463144183
217000006,61,27,군자디지털과학고,37.34802006374335,126.78117341488002,512.0392749244713,0.9049874042961609,0.498563463144183
217000006,61,27,군자디지털과학고,37.34801218938463,126.78118105811066,512.0392749244713,0.9049874042961609,0.498563463144183
217000006,61,27,군자디지털과학고,37.34802006374335,126.78117341488002,512.0392749244713,0.9049874042961609,0.498563463144183
217000006,61,27,군자디지털과학고,37.34802006374335,126.78117341488002,512.0392749244713,0.9049874042961609,0.498563463144183
217000006,61,27,군자디지털과학고,37.34802006374335,126.78117341488002,512.0392749244713,0.9049874042961609,0.498563463144183
217000006,61,28,아랫말,37.35483987424161,126.78556688574984,512.0392749244713,0.9049874042961609,0.498563463144183
217000006,61,28,아랫말,37.35483987424161,126.78556688574984,512.0392749244713,0.9049874042961609,0.498563463144183
217000006,61,28,아랫말,37.35483987424161,126.78556688574984,512.0392749244713,0.9049874042961609,0.498563463144183
217000006,61,28,아랫말,37.35483987424161,126.78556688574984,512.0392749244713,0.9049874042961609,0.498563463144183
217000006,61,28,아랫말,37.35483987424161,126.78556688574984,512.0392749244713,0.9049874042961609,0.498563463144183
217000006,61,28,아랫말,37.354912649342914,126.7856902356485,512.0392749244713,0.9049874042961609,0.498563463144183
217000006,61,28,아랫말,37.35483987424161,126.78556688574984,512.0392749244713,0.9049874042961609,0.498563463144183
217000006,61,30,양지편,37.36096857652539,126.786520221085,512.0392749244713,0.9049874042961609,0.498563463144183
217000006,61,30,양지편,37.36096857652539,126.786520221085,512.0392749244713,0.9049874042961609,0.498563463144183
217000006,61,30,양지편,37.36096857652539,126.786520221085,512.0392749244713,0.9049874042961609,0.498563463144183
217000006,61,30,양지편,37.36101366394383,126.78658268674786,512.0392749244713,0.9049874042961609,0.498563463144183
217000006,61,30,양지편,37.36096857652539,126.786520221085,512.0392749244713,0.9049874042961609,0.498563463144183
217000006,61,32,시흥경찰서,37.374564214356575,126.78606396380783,512.0392749244713,0.9049874042961609,0.498563463144183
217000006,61,32,시흥경찰서,37.37456565507888,126.78605449185278,512.0392749244713,0.9049874042961609,0.498563463144183
217000006,61,32,시흥경찰서,37.374564214356575,126.78606396380783,512.0392749244713,0.9049874042961609,0.498563463144183
217000006,61,32,시흥경찰서,37.374537960015736,126.78622673517744,512.0392749244713,0.9049874042961609,0.498563463144183
217000006,61,32,시흥경찰서,37.37452023354065,126.78725174825658,512.0392749244713,0.9049874042961609,0.498563463144183
217000006,61,34,삼성아파트,37.37569587087828,126.77918498664565,512.0392749244713,0.9049874042961609,0.498563463144183
217000006,61,34,삼성아파트,37.375736491299314,126.77921372207535,512.0392749244713,0.9049874042961609,0.498563463144183
217000006,61,34,삼성아파트,37.37571481412713,126.7792733902496,512.0392749244713,0.9049874042961609,0.498563463144183
217000006,61,34,삼성아파트,37.375606277251,126.77931947214688,512.0392749244713,0.9049874042961609,0.498563463144183
217000006,61,38,대동청구아파트.장현초교,37.3780816742011,126.79829299525694,512.0392749244713,0.9049874042961609,0.498563463144183
217000006,61,38,대동청구아파트.장현초교,37.37810136733095,126.79828475682152,512.0392749244713,0.9049874042961609,0.498563463144183
217000006,61,38,대동청구아파트.장현초교,37.37812659230392,126.79836344133015,512.0392749244713,0.9049874042961609,0.498563463144183
217000006,61,38,대동청구아파트.장현초교,37.378256075343685,126.79820266600773,512.0392749244713,0.9049874042961609,0.498563463144183
217000006,61,38,대동청구아파트.장현초교,37.378256075343685,126.79820266600773,512.0392749244713,0.9049874042961609,0.498563463144183
217000006,61,41,경기도노인전문시흥병원,37.38415066082954,126.80400718728784,512.0392749244713,0.9049874042961609,0.498563463144183
217000006,61,41,경기도노인전문시흥병원,37.38409564413104,126.80415278213064,512.0392749244713,0.9049874042961609,0.498563463144183
217000006,61,41,경기도노인전문시흥병원,37.38396490171424,126.80401979896956,512.0392749244713,0.9049874042961609,0.498563463144183
217000006,61,41,경기도노인전문시흥병원,37.38396490171424,126.80401979896956,512.0392749244713,0.9049874042961609,0.498563463144183
217000006,61,41,경기도노인전문시흥병원,37.38396371622319,126.80398515861928,512.0392749244713,0.9049874042961609,0.498563463144183
217000006,61,41,경기도노인전문시흥병원,37.38396468417941,126.80547721427592,512.0392749244713,0.9049874042961609,0.498563463144183
217000006,61,41,경기도노인전문시흥병원,37.38396468417941,126.80547721427592,512.0392749244713,0.9049874042961609,0.498563463144183
217000006,61,41,경기도노인전문시흥병원,37.3838645223514,126.80402302874522,512.0392749244713,0.9049874042961609,0.498563463144183
217000006,61,41,경기도노인전문시흥병원,37.38442946248347,126.80569881879228,512.0392749244713,0.9049874042961609,0.498563463144183
217000006,61,41,경기도노인전문시흥병원,37.38442946248347,126.80569881879228,512.0392749244713,0.9049874042961609,0.498563463144183
217000006,61,42,시흥등기소,37.38790783496139,126.80669056996776,512.0392749244713,0.9049874042961609,0.498563463144183
217000006,61,42,시흥등기소,37.38790474260027,126.8067131372376,512.0392749244713,0.9049874042961609,0.498563463144183
217000006,61,42,시흥등기소,37.3879693868791,126.80659548718612,512.0392749244713,0.9049874042961609,0.498563463144183
217000006,61,42,시흥등기소,37.3879693868791,126.80659548718612,512.0392749244713,0.9049874042961609,0.498563463144183
217000006,61,44,연꽃마을금호아파트,37.39144784342322,126.81165023229056,512.0392749244713,0.9049874042961609,0.498563463144183
217000006,61,44,연꽃마을금호아파트,37.3914984130021,126.8116608247294,512.0392749244713,0.9049874042961609,0.498563463144183
217000006,61,44,연꽃마을금호아파트,37.39144784342322,126.81165023229056,512.0392749244713,0.9049874042961609,0.498563463144183
217000006,61,45,금호타운,37.39019868406275,126.81370858004983,512.0392749244713,0.9049874042961609,0.498563463144183
217000006,61,45,금호타운,37.39016747028341,126.81370420355452,512.0392749244713,0.9049874042961609,0.498563463144183
217000006,61,45,금호타운,37.39019868406275,126.81370858004983,512.0392749244713,0.9049874042961609,0.498563463144183
217000006,61,47,시흥고교.태평아파트,37.388143935136505,126.81344265326676,512.0392749244713,0.9049874042961609,0.498563463144183
217000006,61,47,시흥고교.태평아파트,37.388143935136505,126.81344265326676,512.0392749244713,0.9049874042961609,0.498563463144183
217000006,61,47,시흥고교.태평아파트,37.388098368755664,126.81344557339256,512.0392749244713,0.9049874042961609,0.498563463144183
217000006,61,47,시흥고교.태평아파트,37.388133004894605,126.81347810260702,512.0392749244713,0.9049874042961609,0.498563463144183
217000006,61,47,시흥고교.태평아파트,37.388098368755664,126.81344557339256,512.0392749244713,0.9049874042961609,0.498563463144183
217000006,61,48,시흥등기소,37.38821408880396,126.80663332299444,512.0392749244713,0.9049874042961609,0.498563463144183
217000006,61,48,시흥등기소,37.38826166882192,126.80662986848508,512.0392749244713,0.9049874042961609,0.498563463144183
217000006,61,48,시흥등기소,37.38817686745541,126.80665638451744,512.0392749244713,0.9049874042961609,0.498563463144183
217000006,61,48,시흥등기소,37.388195270695,126.80666291718263,512.0392749244713,0.9049874042961609,0.498563463144183
217000006,61,49,시흥국민체육센터,37.38891471508488,126.8053103317404,512.0392749244713,0.9049874042961609,0.498563463144183
217000006,61,49,시흥국민체육센터,37.38891471508488,126.8053103317404,512.0392749244713,0.9049874042961609,0.498563463144183
217000006,61,49,시흥국민체육센터,37.38892081237446,126.80535690210358,512.0392749244713,0.9049874042961609,0.498563463144183
217000006,61,49,시흥국민체육센터,37.38891471508488,126.8053103317404,512.0392749244713,0.9049874042961609,0.498563463144183
217000006,61,49,시흥국민체육센터,37.38880422437129,126.80539887745934,512.0392749244713,0.9049874042961609,0.498563463144183
217000006,61,51,법륭사,37.39272133742507,126.80247728510662,512.0392749244713,0.9049874042961609,0.498563463144183
217000006,61,51,법륭사,37.39273995719414,126.80247792511152,512.0392749244713,0.9049874042961609,0.498563463144183
217000006,61,51,법륭사,37.39272133742507,126.80247728510662,512.0392749244713,0.9049874042961609,0.498563463144183
217000006,61,52,성원.동아아파트,37.39695010100212,126.79889746029988,512.0392749244713,0.9049874042961609,0.498563463144183
217000006,61,52,성원.동아아파트,37.39695010100212,126.79889746029988,512.0392749244713,0.9049874042961609,0.498563463144183
217000006,61,52,성원.동아아파트,37.39695010100212,126.79889746029988,512.0392749244713,0.9049874042961609,0.498563463144183
217000006,61,52,성원.동아아파트,37.396987424146566,126.79889703419649,512.0392749244713,0.9049874042961609,0.498563463144183
217000006,61,52,성원.동아아파트,37.39695010100212,126.79889746029988,512.0392749244713,0.9049874042961609,0.498563463144183
217000006,61,54,신현역.포동입구,37.40718447202534,126.78789139082514,512.0392749244713,0.9049874042961609,0.498563463144183
217000006,61,54,신현역.포동입구,37.40713060984655,126.78796663952308,512.0392749244713,0.9049874042961609,0.498563463144183
217000006,61,54,신현역.포동입구,37.40718447202534,126.78789139082514,512.0392749244713,0.9049874042961609,0.498563463144183
217000006,61,54,신현역.포동입구,37.40718447202534,126.78789139082514,512.0392749244713,0.9049874042961609,0.498563463144183
217000006,61,56,양우재,37.41873699922496,126.78871736323192,512.0392749244713,0.9049874042961609,0.498563463144183
217000006,61,56,양우재,37.41873699922496,126.78871736323192,512.0392749244713,0.9049874042961609,0.498563463144183
217000006,61,56,양우재,37.418740161999736,126.7887759684632,512.0392749244713,0.9049874042961609,0.498563463144183
217000006,61,56,양우재,37.41873662220671,126.78874537787463,512.0392749244713,0.9049874042961609,0.498563463144183
217000006,61,57,시민교회,37.42312784453284,126.79034314522582,512.0392749244713,0.9049874042961609,0.498563463144183
217000006,61,57,시민교회,37.42311364888854,126.79038219349007,512.0392749244713,0.9049874042961609,0.498563463144183
217000006,61,57,시민교회,37.42312784453284,126.79034314522582,512.0392749244713,0.9049874042961609,0.498563463144183
217000006,61,59,검바위,37.43154634274814,126.79204835940824,512.0392749244713,0.9049874042961609,0.498563463144183
217000006,61,59,검바위,37.43155954618298,126.79207241044982,512.0392749244713,0.9049874042961609,0.498563463144183
217000006,61,59,검바위,37.43155241215738,126.7920638228809,512.0392749244713,0.9049874042961609,0.498563463144183
217000006,61,61,복음자리,37.433976353160254,126.79040837493606,512.0392749244713,0.9049874042961609,0.498563463144183
217000006,61,61,복음자리,37.43380490517867,126.79035856374644,512.0392749244713,0.9049874042961609,0.498563463144183
217000006,61,61,복음자리,37.43398669873032,126.79046190697709,512.0392749244713,0.9049874042961609,0.498563463144183
217000006,61,61,복음자리,37.433970246370414,126.79035173335346,512.0392749244713,0.9049874042961609,0.498563463144183
217000006,61,62,신천사거리,37.43639647228872,126.78847564071611,512.0392749244713,0.9049874042961609,0.498563463144183
217000006,61,62,신천사거리,37.43643014115588,126.78848960915514,512.0392749244713,0.9049874042961609,0.498563463144183
217000006,61,62,신천사거리,37.43639647228872,126.78847564071611,512.0392749244713,0.9049874042961609,0.498563463144183
217000006,61,62,신천사거리,37.4364088889889,126.788498703936,512.0392749244713,0.9049874042961609,0.498563463144183
217000006,61,63,삼미시장,37.4383959963689,126.78310267229789,512.0392749244713,0.9049874042961609,0.498563463144183
217000006,61,63,삼미시장,37.43847660381747,126.78325496608058,512.0392749244713,0.9049874042961609,0.498563463144183
217000006,61,63,삼미시장,37.43848266358198,126.78315548658472,512.0392749244713,0.9049874042961609,0.498563463144183
217000006,61,64,신천삼거리,37.43905406458002,126.78328156925214,512.0392749244713,0.9049874042961609,0.498563463144183
217000006,61,64,신천삼거리,37.439014964538536,126.78328028648676,512.0392749244713,0.9049874042961609,0.498563463144183
217000006,61,64,신천삼거리,37.43908617190904,126.78327403689528,512.0392749244713,0.9049874042961609,0.498563463144183
217000006,61,64,신천삼거리,37.43913333023247,126.78347028420936,512.0392749244713,0.9049874042961609,0.498563463144183
217000006,61,65,시흥보건소,37.44166012899187,126.7844492696672,512.0392749244713,0.9049874042961609,0.498563463144183
217000006,61,65,시흥보건소,37.44166012899187,126.7844492696672,512.0392749244713,0.9049874042961609,0.498563463144183
217000006,61,65,시흥보건소,37.44164428745535,126.7844700655792,512.0392749244713,0.9049874042961609,0.498563463144183
217000006,61,65,시흥보건소,37.44166012899187,126.7844492696672,512.0392749244713,0.9049874042961609,0.498563463144183
217000006,61,65,시흥보건소,37.441684168829966,126.78444970921645,512.0392749244713,0.9049874042961609,0.498563463144183
217000006,61,66,대야초교.ABC학습타운입구,37.44397965784994,126.7866123125893,512.0392749244713,0.9049874042961609,0.498563463144183
217000006,61,66,대야초교.ABC학습타운입구,37.44398805400596,126.78661160054392,512.0392749244713,0.9049874042961609,0.498563463144183
217000006,61,66,대야초교.ABC학습타운입구,37.44398805400596,126.78661160054392,512.0392749244713,0.9049874042961609,0.498563463144183
217000006,61,66,대야초교.ABC학습타운입구,37.44397965784994,126.7866123125893,512.0392749244713,0.9049874042961609,0.498563463144183
217000006,61,66,대야초교.ABC학습타운입구,37.44397965784994,126.7866123125893,512.0392749244713,0.9049874042961609,0.498563463144183
217000006,61,66,대야초교.ABC학습타운입구,37.44397965784994,126.7866123125893,512.0392749244713,0.9049874042961609,0.498563463144183
217000006,61,69,여우고개,37.46035885736201,126.79098523883007,512.0392749244713,0.9049874042961609,0.498563463144183
217000006,61,69,여우고개,37.46034195372218,126.79107045486812,512.0392749244713,0.9049874042961609,0.498563463144183
217000006,61,69,여우고개,37.46034195372218,126.79107045486812,512.0392749244713,0.9049874042961609,0.498563463144183
217000006,61,69,여우고개,37.46035885736201,126.79098523883007,512.0392749244713,0.9049874042961609,0.498563463144183
217000006,61,70,여우고개입구,37.468515250112034,126.79226251456488,512.0392749244713,0.9049874042961609,0.498563463144183
217000006,61,70,여우고개입구,37.468515250112034,126.79226251456488,512.0392749244713,0.9049874042961609,0.498563463144183
217000006,61,70,여우고개입구,37.468515250112034,126.79226251456488,512.0392749244713,0.9049874042961609,0.498563463144183
217000006,61,70,여우고개입구,37.4685174784422,126.7922897560383,512.0392749244713,0.9049874042961609,0.498563463144183
217000006,61,70,여우고개입구,37.46851310366446,126.79230235649712,512.0392749244713,0.9049874042961609,0.498563463144183
217000006,61,71,진영고등학교,37.47116273053796,126.7914186478284,512.0392749244713,0.9049874042961609,0.498563463144183
217000006,61,71,진영고등학교,37.47116273053796,126.7914186478284,512.0392749244713,0.9049874042961609,0.498563463144183
217000006,61,71,진영고등학교,37.47116273053796,126.7914186478284,512.0392749244713,0.9049874042961609,0.498563463144183
217000006,61,71,진영고등학교,37.47118253066777,126.79146893558256,512.0392749244713,0.9049874042961609,0.498563463144183
217000006,61,71,진영고등학교,37.47115825595395,126.79143896783792,512.0392749244713,0.9049874042961609,0.498563463144183
217000006,61,71,진영고등학교,37.47115825595375,126.79143896772489,512.0392749244713,0.9049874042961609,0.498563463144183
217000006,61,73,부원초등학교,37.47574130578892,126.79224251504176,512.0392749244713,0.9049874042961609,0.498563463144183
217000006,61,73,부원초등학교,37.47576066930437,126.79225427094492,512.0392749244713,0.9049874042961609,0.498563463144183
217000006,61,73,부원초등학교,37.4756363999422,126.79222119315492,512.0392749244713,0.9049874042961609,0.498563463144183
217000006,61,73,부원초등학교,37.47574130578892,126.79224251504176,512.0392749244713,0.9049874042961609,0.498563463144183
217000006,61,75,부천역남부광장,37.48055876904044,126.78065182257969,512.0392749244713,0.9049874042961609,0.498563463144183
217000006,61,75,부천역남부광장,37.48055876904044,126.78065182257969,512.0392749244713,0.9049874042961609,0.498563463144183
217000006,61,75,부천역남부광장,37.48060157590782,126.78065668001048,512.0392749244713,0.9049874042961609,0.498563463144183
217000006,61,75,부천역남부광장,37.480623461623736,126.7806335178388,512.0392749244713,0.9049874042961609,0.498563463144183
217000006,61,75,부천역남부광장,37.480623461623736,126.7806335178388,512.0392749244713,0.9049874042961609,0.498563463144183
217000006,61,75,부천역남부광장,37.480623461623736,126.7806335178388,512.0392749244713,0.9049874042961609,0.498563463144183
217000006,61,75,부천역남부광장,37.48060157590782,126.78065668001048,512.0392749244713,0.9049874042961609,0.498563463144183
217000006,61,77,KT부천지사사거리,37.483018882366586,126.77604293420562,512.0392749244713,0.9049874042961609,0.498563463144183
217000006,61,77,KT부천지사사거리,37.483018882366586,126.77604293420562,512.0392749244713,0.9049874042961609,0.498563463144183
217000006,61,77,KT부천지사사거리,37.483056034003646,126.77606026793605,512.0392749244713,0.9049874042961609,0.498563463144183
217000006,61,77,KT부천지사사거리,37.483030329291246,126.77598523184066,512.0392749244713,0.9049874042961609,0.498563463144183
217000006,61,78,부천대학교,37.48573205304982,126.7766454018966,512.0392749244713,0.9049874042961609,0.498563463144183
217000006,61,78,부천대학교,37.48573205304982,126.7766454018966,512.0392749244713,0.9049874042961609,0.498563463144183
217000006,61,78,부천대학교,37.48573205304982,126.7766454018966,512.0392749244713,0.9049874042961609,0.498563463144183
217000006,61,78,부천대학교,37.48570316587138,126.77665969600132,512.0392749244713,0.9049874042961609,0.498563463144183
217000006,61,78,부천대학교,37.48570316587138,126.77665969600132,512.0392749244713,0.9049874042961609,0.498563463144183
217000006,61,78,부천대학교,37.48573205304982,126.7766454018966,512.0392749244713,0.9049874042961609,0.498563463144183
217000006,61,84,은하쌍용아파트,37.50169765030212,126.76719991122144,512.0392749244713,0.9049874042961609,0.498563463144183
217000006,61,84,은하쌍용아파트,37.50169765030212,126.76719991122144,512.0392749244713,0.9049874042961609,0.498563463144183
217000006,61,84,은하쌍용아파트,37.50172621423401,126.76726957088478,512.0392749244713,0.9049874042961609,0.498563463144183
217000006,61,84,은하쌍용아파트,37.50163088934677,126.76725652531525,512.0392749244713,0.9049874042961609,0.498563463144183
217000006,61,84,은하쌍용아파트,37.50160531037285,126.7672522201439,512.0392749244713,0.9049874042961609,0.498563463144183
217000006,61,87,부천터미널소풍,37.50172171472259,126.75678406671724,512.0392749244713,0.9049874042961609,0.498563463144183
217000006,61,87,부천터미널소풍,37.50172171472259,126.75678406671724,512.0392749244713,0.9049874042961609,0.498563463144183
217000006,61,87,부천터미널소풍,37.50172171472259,126.75678406671724,512.0392749244713,0.9049874042961609,0.498563463144183
217000006,61,87,부천터미널소풍,37.501756265431816,126.7568142248506,512.0392749244713,0.9049874042961609,0.498563463144183
217000006,61,87,부천터미널소풍,37.50168120348823,126.75701202513048,512.0392749244713,0.9049874042961609,0.498563463144183
217000006,61,87,부천터미널소풍,37.50156912632527,126.7569741609564,512.0392749244713,0.9049874042961609,0.498563463144183
217000006,61,89,상동역2번출구.홈플러스상동점,37.50173023953291,126.75221512389965,512.0392749244713,0.9049874042961609,0.498563463144183
217000006,61,89,상동역2번출구.홈플러스상동점,37.50173023953291,126.75221512389965,512.0392749244713,0.9049874042961609,0.498563463144183
217000006,61,89,상동역2번출구.홈플러스상동점,37.50173023953291,126.75221512389965,512.0392749244713,0.9049874042961609,0.498563463144183
217000006,61,89,상동역2번출구.홈플러스상동점,37.50171458824288,126.75229118697013,512.0392749244713,0.9049874042961609,0.498563463144183
217000006,61,89,상동역2번출구.홈플러스상동점,37.501723626894325,126.75227260776904,512.0392749244713,0.9049874042961609,0.498563463144183
217000006,61,89,상동역2번출구.홈플러스상동점,37.50171458824288,126.75229118697013,512.0392749244713,0.9049874042961609,0.498563463144183
217000006,61,89,상동역2번출구.홈플러스상동점,37.501723626894325,126.75227260776904,512.0392749244713,0.9049874042961609,0.498563463144183
217000006,61,93,계룡리슈빌,37.50081842271149,126.7691138723468,512.0392749244713,0.9049874042961609,0.498563463144183
217000006,61,93,계룡리슈빌,37.50081842271149,126.7691138723468,512.0392749244713,0.9049874042961609,0.498563463144183
217000006,61,93,계룡리슈빌,37.50081842271149,126.7691138723468,512.0392749244713,0.9049874042961609,0.498563463144183
217000006,61,93,계룡리슈빌,37.50081842271149,126.7691138723468,512.0392749244713,0.9049874042961609,0.498563463144183
217000006,61,93,계룡리슈빌,37.5009055433447,126.76912577943747,512.0392749244713,0.9049874042961609,0.498563463144183
217000006,61,93,계룡리슈빌,37.50091642684806,126.76915773251856,512.0392749244713,0.9049874042961609,0.498563463144183
217000006,61,93,계룡리슈빌,37.5009534017087,126.76916437021,512.0392749244713,0.9049874042961609,0.498563463144183
217000006,61,93,계룡리슈빌,37.50092678026405,126.76916141002222,512.0392749244713,0.9049874042961609,0.498563463144183
217000006,61,97,루미아트,37.49347674710152,126.77696892740836,512.0392749244713,0.9049874042961609,0.498563463144183
217000006,61,97,루미아트,37.49347674710152,126.77696892740836,512.0392749244713,0.9049874042961609,0.498563463144183
217000006,61,97,루미아트,37.493654954354135,126.7769131545976,512.0392749244713,0.9049874042961609,0.498563463144183
217000006,61,97,루미아트,37.493654954354135,126.7769131545976,512.0392749244713,0.9049874042961609,0.498563463144183
217000006,61,97,루미아트,37.49348989030872,126.7770153549868,512.0392749244713,0.9049874042961609,0.498563463144183
217000006,61,99,부천대학교,37.48589339885458,126.77620395585222,512.0392749244713,0.9049874042961609,0.498563463144183
217000006,61,99,부천대학교,37.48589339885458,126.77620395585222,512.0392749244713,0.9049874042961609,0.498563463144183
217000006,61,99,부천대학교,37.48589339885458,126.77620395585222,512.0392749244713,0.9049874042961609,0.498563463144183
217000006,61,99,부천대학교,37.48591732841731,126.77621951162148,512.0392749244713,0.9049874042961609,0.498563463144183
217000006,61,99,부천대학교,37.48591732841731,126.77621951162148,512.0392749244713,0.9049874042961609,0.498563463144183
217000006,61,99,부천대학교,37.4859595044608,126.77629512344096,512.0392749244713,0.9049874042961609,0.498563463144183
217000006,61,103,부천역전우체국,37.47997202554594,126.78496109390868,512.0392749244713,0.9049874042961609,0.498563463144183
217000006,61,103,부천역전우체국,37.47997202554594,126.78496109390868,512.0392749244713,0.9049874042961609,0.498563463144183
217000006,61,103,부천역전우체국,37.4799924101364,126.78503002651114,512.0392749244713,0.9049874042961609,0.498563463144183
217000006,61,103,부천역전우체국,37.48003696939044,126.78497848965696,512.0392749244713,0.9049874042961609,0.498563463144183
217000006,61,103,부천역전우체국,37.48003696939044,126.78497848965696,512.0392749244713,0.9049874042961609,0.498563463144183
217000006,61,103,부천역전우체국,37.48004001758749,126.78492754882724,512.0392749244713,0.9049874042961609,0.498563463144183
217000006,61,104,성지아파트.산성교회입구,37.479724243409535,126.78884901831928,512.0392749244713,0.9049874042961609,0.498563463144183
217000006,61,104,성지아파트.산성교회입구,37.479724243409535,126.78884901831928,512.0392749244713,0.9049874042961609,0.498563463144183
217000006,61,104,성지아파트.산성교회입구,37.479683155299526,126.78940313333668,512.0392749244713,0.9049874042961609,0.498563463144183
217000006,61,104,성지아파트.산성교회입구,37.479724243409535,126.78884901831928,512.0392749244713,0.9049874042961609,0.498563463144183
217000006,61,104,성지아파트.산성교회입구,37.479724243409535,126.78884901831928,512.0392749244713,0.9049874042961609,0.498563463144183
217000006,61,105,세종병원.서울신학대학교,37.47808423338579,126.79241691922071,512.0392749244713,0.9049874042961609,0.498563463144183
217000006,61,105,세종병원.서울신학대학교,37.47809741259576,126.79239188599284,512.0392749244713,0.9049874042961609,0.498563463144183
217000006,61,105,세종병원.서울신학대학교,37.47752991983832,126.79253956777627,512.0392749244713,0.9049874042961609,0.498563463144183
217000006,61,105,세종병원.서울신학대학교,37.47752991983832,126.79253956777627,512.0392749244713,0.9049874042961609,0.498563463144183
217000006,61,105,세종병원.서울신학대학교,37.47808423338579,126.79241691922071,512.0392749244713,0.9049874042961609,0.498563463144183
217000006,61,106,부원초등학교,37.4754434174972,126.7919267928887,512.0392749244713,0.9049874042961609,0.498563463144183
217000006,61,106,부원초등학교,37.4754394431139,126.79192114450365,512.0392749244713,0.9049874042961609,0.498563463144183
217000006,61,106,부원초등학교,37.4754434174972,126.7919267928887,512.0392749244713,0.9049874042961609,0.498563463144183
217000006,61,108,진영고등학교,37.4707479090778,126.7912163188716,512.0392749244713,0.9049874042961609,0.498563463144183
217000006,61,108,진영고등학교,37.4707479090778,126.7912163188716,512.0392749244713,0.9049874042961609,0.498563463144183
217000006,61,108,진영고등학교,37.4707479090778,126.7912163188716,512.0392749244713,0.9049874042961609,0.498563463144183
217000006,61,108,진영고등학교,37.47074232800531,126.7912309816782,512.0392749244713,0.9049874042961609,0.498563463144183
217000006,61,108,진영고등학교,37.47075272208573,126.79130241325645,512.0392749244713,0.9049874042961609,0.498563463144183
217000006,61,108,진영고등학교,37.47075272208573,126.79130241325645,512.0392749244713,0.9049874042961609,0.498563463144183
217000006,61,109,여우고개입구,37.46801009063227,126.79192478876791,512.0392749244713,0.9049874042961609,0.498563463144183
217000006,61,109,여우고개입구,37.46801009063227,126.79192478876791,512.0392749244713,0.9049874042961609,0.498563463144183
217000006,61,109,여우고개입구,37.46801009063227,126.79192478876791,512.0392749244713,0.9049874042961609,0.498563463144183
217000006,61,109,여우고개입구,37.4680534827662,126.79192093361608,512.0392749244713,0.9049874042961609,0.498563463144183
217000006,61,109,여우고개입구,37.46799641424982,126.79203843759976,512.0392749244713,0.9049874042961609,0.498563463144183
217000006,61,111,상대야동,37.452899960889525,126.78676780343235,512.0392749244713,0.9049874042961609,0.498563463144183
217000006,61,111,상대야동,37.45286089158338,126.78676351001435,512.0392749244713,0.9049874042961609,0.498563463144183
217000006,61,111,상대야동,37.45290912725952,126.7868159594488,512.0392749244713,0.9049874042961609,0.498563463144183
217000006,61,114,시흥보건소,37.44088491102504,126.78425939266624,512.0392749244713,0.9049874042961609,0.498563463144183
217000006,61,114,시흥보건소,37.44088491102504,126.78425939266624,512.0392749244713,0.9049874042961609,0.498563463144183
217000006,61,114,시흥보건소,37.44088285213728,126.78425589782528,512.0392749244713,0.9049874042961609,0.498563463144183
217000006,61,114,시흥보건소,37.44088292395082,126.7843154883716,512.0392749244713,0.9049874042961609,0.498563463144183
217000006,61,114,시흥보건소,37.44097276346549,126.78433050027532,512.0392749244713,0.9049874042961609,0.498563463144183
217000006,61,116,삼미시장,37.43812554847288,126.7830243554572,512.0392749244713,0.9049874042961609,0.498563463144183
217000006,61,116,삼미시장,37.438095500787,126.78301368044993,512.0392749244713,0.9049874042961609,0.498563463144183
217000006,61,116,삼미시장,37.43815200763692,126.7830449664256,512.0392749244713,0.9049874042961609,0.498563463144183
217000006,61,118,복음자리,37.43334520956744,126.79025815568872,512.0392749244713,0.9049874042961609,0.498563463144183
217000006,61,118,복음자리,37.43398191951447,126.79016245900849,512.0392749244713,0.9049874042961609,0.498563463144183
217000006,61,118,복음자리,37.43402001694609,126.79017875813392,512.0392749244713,0.9049874042961609,0.498563463144183
217000006,61,118,복음자리,37.43397358168812,126.79025611416624,512.0392749244713,0.9049874042961609,0.498563463144183
217000006,61,119,경남아너스빌,37.43242115769709,126.79085387086536,512.0392749244713,0.9049874042961609,0.498563463144183
217000006,61,119,경남아너스빌,37.43240272279815,126.7908255847422,512.0392749244713,0.9049874042961609,0.498563463144183
217000006,61,119,경남아너스빌,37.43245306637881,126.79089652748748,512.0392749244713,0.9049874042961609,0.498563463144183
217000006,61,120,검바위,37.43138400178457,126.79195841960237,512.0392749244713,0.9049874042961609,0.498563463144183
217000006,61,120,검바위,37.43136918889952,126.79192964010404,512.0392749244713,0.9049874042961609,0.498563463144183
217000006,61,120,검바위,37.43141602471725,126.79202444709308,512.0392749244713,0.9049874042961609,0.498563463144183
217000006,61,122,시민교회,37.424245059017856,126.79031743507406,512.0392749244713,0.9049874042961609,0.498563463144183
217000006,61,122,시민교회,37.424266419063294,126.79032333722164,512.0392749244713,0.9049874042961609,0.498563463144183
217000006,61,122,시민교회,37.424245059017856,126.79031743507406,512.0392749244713,0.9049874042961609,0.498563463144183
217000006,61,123,양우재,37.41825920008618,126.78857184921144,512.0392749244713,0.9049874042961609,0.498563463144183
217000006,61,123,양우재,37.41825920008618,126.78857184921144,512.0392749244713,0.9049874042961609,0.498563463144183
217000006,61,123,양우재,37.41825236898399,126.78854991113984,512.0392749244713,0.9049874042961609,0.498563463144183
217000006,61,123,양우재,37.41825920008618,126.78857184921144,512.0392749244713,0.9049874042961609,0.498563463144183
217000006,61,126,새터말,37.398296126796446,126.79568646897911,512.0392749244713,0.9049874042961609,0.498563463144183
217000006,61,126,새터말,37.39830101838231,126.79564993996075,512.0392749244713,0.9049874042961609,0.498563463144183
217000006,61,126,새터말,37.398296126796446,126.79568646897911,512.0392749244713,0.9049874042961609,0.498563463144183
217000006,61,127,동아아파트.성원아파트,37.39670686500452,126.7989206970024,512.0392749244713,0.9049874042961609,0.498563463144183
217000006,61,127,동아아파트.성원아파트,37.39670686500452,126.7989206970024,512.0392749244713,0.9049874042961609,0.498563463144183
217000006,61,127,동아아파트.성원아파트,37.39670686500452,126.7989206970024,512.0392749244713,0.9049874042961609,0.498563463144183
217000006,61,127,동아아파트.성원아파트,37.396737577554994,126.79887323232124,512.0392749244713,0.9049874042961609,0.498563463144183
217000006,61,127,동아아파트.성원아파트,37.39670686500452,126.7989206970024,512.0392749244713,0.9049874042961609,0.498563463144183
217000006,61,128,법륭사,37.392981347193,126.80170868925848,512.0392749244713,0.9049874042961609,0.498563463144183
217000006,61,128,법륭사,37.39298981833648,126.80172841813597,512.0392749244713,0.9049874042961609,0.498563463144183
217000006,61,128,법륭사,37.39302204202081,126.80177169217214,512.0392749244713,0.9049874042961609,0.498563463144183
217000006,61,131,시흥등기소,37.38790783496139,126.80669056996776,512.0392749244713,0.9049874042961609,0.498563463144183
217000006,61,131,시흥등기소,37.38790474260027,126.8067131372376,512.0392749244713,0.9049874042961609,0.498563463144183
217000006,61,131,시흥등기소,37.3879693868791,126.80659548718612,512.0392749244713,0.9049874042961609,0.498563463144183
217000006,61,131,시흥등기소,37.3879693868791,126.80659548718612,512.0392749244713,0.9049874042961609,0.498563463144183
217000006,61,133,연꽃마을금호아파트,37.39144784342322,126.81165023229056,512.0392749244713,0.9049874042961609,0.498563463144183
217000006,61,133,연꽃마을금호아파트,37.3914984130021,126.8116608247294,512.0392749244713,0.9049874042961609,0.498563463144183
217000006,61,133,연꽃마을금호아파트,37.39144784342322,126.81165023229056,512.0392749244713,0.9049874042961609,0.498563463144183
217000006,61,134,금호타운,37.39019868406275,126.81370858004983,512.0392749244713,0.9049874042961609,0.498563463144183
217000006,61,134,금호타운,37.39016747028341,126.81370420355452,512.0392749244713,0.9049874042961609,0.498563463144183
217000006,61,134,금호타운,37.39019868406275,126.81370858004983,512.0392749244713,0.9049874042961609,0.498563463144183
217000006,61,136,시흥고교.태평아파트,37.388143935136505,126.81344265326676,512.0392749244713,0.9049874042961609,0.498563463144183
217000006,61,136,시흥고교.태평아파트,37.388143935136505,126.81344265326676,512.0392749244713,0.9049874042961609,0.498563463144183
217000006,61,136,시흥고교.태평아파트,37.388098368755664,126.81344557339256,512.0392749244713,0.9049874042961609,0.498563463144183
217000006,61,136,시흥고교.태평아파트,37.388133004894605,126.81347810260702,512.0392749244713,0.9049874042961609,0.498563463144183
217000006,61,136,시흥고교.태평아파트,37.388098368755664,126.81344557339256,512.0392749244713,0.9049874042961609,0.498563463144183
217000006,61,137,시흥등기소,37.38821408880396,126.80663332299444,512.0392749244713,0.9049874042961609,0.498563463144183
217000006,61,137,시흥등기소,37.38826166882192,126.80662986848508,512.0392749244713,0.9049874042961609,0.498563463144183
217000006,61,137,시흥등기소,37.38817686745541,126.80665638451744,512.0392749244713,0.9049874042961609,0.498563463144183
217000006,61,137,시흥등기소,37.388195270695,126.80666291718263,512.0392749244713,0.9049874042961609,0.498563463144183
217000006,61,139,시흥시청역,37.37792892177847,126.8052879202776,512.0392749244713,0.9049874042961609,0.498563463144183
217000006,61,139,시흥시청역,37.38011105673998,126.80490403742452,512.0392749244713,0.9049874042961609,0.498563463144183
217000006,61,139,시흥시청역,37.37792829106289,126.8052993591632,512.0392749244713,0.9049874042961609,0.498563463144183
217000006,61,139,시흥시청역,37.37775968753836,126.80493384521472,512.0392749244713,0.9049874042961609,0.498563463144183
217000006,61,139,시흥시청역,37.37775968753836,126.80493384521472,512.0392749244713,0.9049874042961609,0.498563463144183
217000006,61,139,시흥시청역,37.37817378781383,126.80561944158016,512.0392749244713,0.9049874042961609,0.498563463144183
217000006,61,139,시흥시청역,37.37817378781383,126.80561944158016,512.0392749244713,0.9049874042961609,0.498563463144183
217000006,61,139,시흥시청역,37.3794930573967,126.80515313319722,512.0392749244713,0.9049874042961609,0.498563463144183
217000006,61,139,시흥시청역,37.37817378781365,126.80561944146726,512.0392749244713,0.9049874042961609,0.498563463144183
217000006,61,139,시흥시청역,37.37949305016994,126.80515312192507,512.0392749244713,0.9049874042961609,0.498563463144183
217000006,61,141,대동청구아파트,37.378271311603534,126.79854088148248,512.0392749244713,0.9049874042961609,0.498563463144183
217000006,61,141,대동청구아파트,37.378279824107686,126.79857029115816,512.0392749244713,0.9049874042961609,0.498563463144183
217000006,61,141,대동청구아파트,37.378281420095085,126.79855564066906,512.0392749244713,0.9049874042961609,0.498563463144183
217000006,61,141,대동청구아파트,37.378255448547016,126.79858023791476,512.0392749244713,0.9049874042961609,0.498563463144183
217000006,61,143,대우아파트.장곡중학교,37.376627874139565,126.78623874883188,512.0392749244713,0.9049874042961609,0.498563463144183
217000006,61,143,대우아파트.장곡중학교,37.37670481876989,126.78628059624998,512.0392749244713,0.9049874042961609,0.498563463144183
217000006,61,143,대우아파트.장곡중학교,37.376627874139565,126.78623874883188,512.0392749244713,0.9049874042961609,0.498563463144183
217000006,61,146,삼익아파트,37.37453735456998,126.78123188673752,512.0392749244713,0.9049874042961609,0.498563463144183
217000006,61,146,삼익아파트,37.37448721771481,126.78125997865584,512.0392749244713,0.9049874042961609,0.498563463144183
217000006,61,146,삼익아파트,37.37457149352152,126.78123679587112,512.0392749244713,0.9049874042961609,0.498563463144183
217000006,61,148,황고개약수터,37.369218075283314,126.789375615441,512.0392749244713,0.9049874042961609,0.498563463144183
217000006,61,148,황고개약수터,37.36918718690132,126.78934303288094,512.0392749244713,0.9049874042961609,0.498563463144183
217000006,61,148,황고개약수터,37.369218075283314,126.789375615441,512.0392749244713,0.9049874042961609,0.498563463144183
217000006,61,148,황고개약수터,37.37076987518058,126.78930015994668,512.0392749244713,0.9049874042961609,0.498563463144183
217000006,61,148,황고개약수터,37.37115009883243,126.78920989087813,512.0392749244713,0.9049874042961609,0.498563463144183
217000006,61,148,황고개약수터,37.37115009883243,126.78920989087813,512.0392749244713,0.9049874042961609,0.498563463144183
217000006,61,148,황고개약수터,37.37117986547661,126.7891575481456,512.0392749244713,0.9049874042961609,0.498563463144183
217000006,61,149,양지편,37.36086909732786,126.78631731832095,512.0392749244713,0.9049874042961609,0.498563463144183
217000006,61,149,양지편,37.36086909732786,126.78631731832095,512.0392749244713,0.9049874042961609,0.498563463144183
217000006,61,149,양지편,37.36067578108752,126.78628525087608,512.0392749244713,0.9049874042961609,0.498563463144183
217000006,61,149,양지편,37.36086909732786,126.78631731832095,512.0392749244713,0.9049874042961609,0.498563463144183
217000006,61,150,큰말,37.35777653013568,126.7864304960026,512.0392749244713,0.9049874042961609,0.498563463144183
217000006,61,150,큰말,37.357319276949056,126.78644025722988,512.0392749244713,0.9049874042961609,0.498563463144183
217000006,61,150,큰말,37.357319276949056,126.78644025722988,512.0392749244713,0.9049874042961609,0.498563463144183
217000006,61,150,큰말,37.35774899778305,126.78639224145007,512.0392749244713,0.9049874042961609,0.498563463144183
217000006,61,150,큰말,37.357774639805214,126.78646694214044,512.0392749244713,0.9049874042961609,0.498563463144183
217000006,61,151,아랫말,37.353953036344095,126.78469748809216,512.0392749244713,0.9049874042961609,0.498563463144183
217000006,61,151,아랫말,37.355317477249166,126.78559938872463,512.0392749244713,0.9049874042961609,0.498563463144183
217000006,61,151,아랫말,37.355317477249166,126.78559938872463,512.0392749244713,0.9049874042961609,0.498563463144183
217000006,61,151,아랫말,37.355317477249166,126.78559938872463,512.0392749244713,0.9049874042961609,0.498563463144183
217000006,61,151,아랫말,37.355317477249166,126.78559938872463,512.0392749244713,0.9049874042961609,0.498563463144183
217000006,61,151,아랫말,37.35396086779519,126.784726547798,512.0392749244713,0.9049874042961609,0.498563463144183
217000006,61,151,아랫말,37.35395138060733,126.78471649334718,512.0392749244713,0.9049874042961609,0.498563463144183
217000006,61,155,군자우체국앞.군자파출소,37.34152018959223,126.7841941211861,512.0392749244713,0.9049874042961609,0.498563463144183
217000006,61,155,군자우체국앞.군자파출소,37.34150421022485,126.7842027244253,512.0392749244713,0.9049874042961609,0.498563463144183
217000006,61,155,군자우체국앞.군자파출소,37.34170622071451,126.78417005478742,512.0392749244713,0.9049874042961609,0.498563463144183
217000006,61,155,군자우체국앞.군자파출소,37.34170622071451,126.78417005478742,512.0392749244713,0.9049874042961609,0.498563463144183
217000006,61,157,도일시장,37.33743611357045,126.78287423280732,512.0392749244713,0.9049874042961609,0.498563463144183
217000006,61,157,도일시장,37.33745438803767,126.78287804741024,512.0392749244713,0.9049874042961609,0.498563463144183
217000006,61,157,도일시장,37.33743611357045,126.78287423280732,512.0392749244713,0.9049874042961609,0.498563463144183
217000006,61,158,신길휴먼시아3단지,37.33379638747448,126.78311038849787,512.0392749244713,0.9049874042961609,0.498563463144183
217000006,61,158,신길휴먼시아3단지,37.33379638747448,126.78311038849787,512.0392749244713,0.9049874042961609,0.498563463144183
217000006,61,158,신길휴먼시아3단지,37.33379638747448,126.78311038849787,512.0392749244713,0.9049874042961609,0.498563463144183
217000006,61,158,신길휴먼시아3단지,37.33323358407392,126.78316280212422,512.0392749244713,0.9049874042961609,0.498563463144183
217000006,61,158,신길휴먼시아3단지,37.33323273591967,126.7830785917375,512.0392749244713,0.9049874042961609,0.498563463144183
217000006,61,158,신길휴먼시아3단지,37.33379932783523,126.78308204597528,512.0392749244713,0.9049874042961609,0.498563463144183
217000006,61,159,신길역사유적공원.아이파크,37.33259065977799,126.78393548877492,512.0392749244713,0.9049874042961609,0.498563463144183
217000006,61,159,신길역사유적공원.아이파크,37.33259065977799,126.78393548877492,512.0392749244713,0.9049874042961609,0.498563463144183
217000006,61,159,신길역사유적공원.아이파크,37.33259065977799,126.78393548877492,512.0392749244713,0.9049874042961609,0.498563463144183
217000006,61,159,신길역사유적공원.아이파크,37.33259065977799,126.78393548877492,512.0392749244713,0.9049874042961609,0.498563463144183
217000006,61,159,신길역사유적공원.아이파크,37.332548274366026,126.78394798882242,512.0392749244713,0.9049874042961609,0.498563463144183
217000006,61,159,신길역사유적공원.아이파크,37.33253231794408,126.783934128377,512.0392749244713,0.9049874042961609,0.498563463144183
217000006,61,159,신길역사유적공원.아이파크,37.33253231794387,126.78393412826418,512.0392749244713,0.9049874042961609,0.498563463144183
217000006,61,160,신길고등학교,37.33224995447349,126.78698815533086,512.0392749244713,0.9049874042961609,0.498563463144183
217000006,61,160,신길고등학교,37.33224995447349,126.78698815533086,512.0392749244713,0.9049874042961609,0.498563463144183
217000006,61,160,신길고등학교,37.33220319360794,126.7869698294162,512.0392749244713,0.9049874042961609,0.498563463144183
217000006,61,160,신길고등학교,37.33220905903052,126.78698118235144,512.0392749244713,0.9049874042961609,0.498563463144183
217000006,61,161,안산역(도로변),37.325196717238775,126.78845489684365,512.0392749244713,0.9049874042961609,0.498563463144183
217000006,61,161,안산역(도로변),37.325187384092885,126.78827439994724,512.0392749244713,0.9049874042961609,0.498563463144183
217000006,61,161,안산역(도로변),37.325187384092885,126.78827439994724,512.0392749244713,0.9049874042961609,0.498563463144183
217000006,61,161,안산역(도로변),37.325187384092885,126.78827439994724,512.0392749244713,0.9049874042961609,0.498563463144183
217000006,61,161,안산역(도로변),37.325164586802806,126.7883825238522,512.0392749244713,0.9049874042961609,0.498563463144183
217000006,61,161,안산역(도로변),37.32516035667048,126.78838062555565,512.0392749244713,0.9049874042961609,0.498563463144183
217000006,61,161,안산역(도로변),37.325349299101376,126.7880175798016,512.0392749244713,0.9049874042961609,0.498563463144183
217000006,61,164,안산역(도로변),37.32517978438872,126.78906420958192,512.0392749244713,0.9049874042961609,0.498563463144183
217000006,61,164,안산역(도로변),37.32512582333826,126.78912077382608,512.0392749244713,0.9049874042961609,0.498563463144183
217000006,61,164,안산역(도로변),37.325178667194486,126.78935523649542,512.0392749244713,0.9049874042961609,0.498563463144183
217000006,61,164,안산역(도로변),37.325178667194486,126.78935523649542,512.0392749244713,0.9049874042961609,0.498563463144183
217000006,61,164,안산역(도로변),37.325178667194486,126.78935523649542,512.0392749244713,0.9049874042961609,0.498563463144183
217000006,61,164,안산역(도로변),37.325178667194486,126.78935523649542,512.0392749244713,0.9049874042961609,0.498563463144183
217000006,61,164,안산역(도로변),37.32528572101754,126.7890554424084,512.0392749244713,0.9049874042961609,0.498563463144183
217000006,61,164,안산역(도로변),37.32519764860739,126.7891842424765,512.0392749244713,0.9049874042961609,0.498563463144183
217000006,61,164,안산역(도로변),37.32528025274742,126.78895493781644,512.0392749244713,0.9049874042961609,0.498563463144183
217000006,61,164,안산역(도로변),37.32528025274742,126.78895493781644,512.0392749244713,0.9049874042961609,0.498563463144183
217000006,61,166,세일기계,37.32158028824201,126.7792531575154,512.0392749244713,0.9049874042961609,0.498563463144183
217000006,61,166,세일기계,37.32155093774725,126.77924575652943,512.0392749244713,0.9049874042961609,0.498563463144183
217000006,61,166,세일기계,37.32158028824201,126.7792531575154,512.0392749244713,0.9049874042961609,0.498563463144183
217000006,61,168,부광약품,37.317513105957055,126.7773697531849,512.0392749244713,0.9049874042961609,0.498563463144183
217000006,61,168,부광약품,37.317513105957055,126.7773697531849,512.0392749244713,0.9049874042961609,0.498563463144183
217000006,61,168,부광약품,37.31752470256204,126.77738477081756,512.0392749244713,0.9049874042961609,0.498563463144183
217000006,61,168,부광약품,37.317513105957055,126.7773697531849,512.0392749244713,0.9049874042961609,0.498563463144183
217000006,61,169,오무전기,37.31418541855594,126.7758453449463,512.0392749244713,0.9049874042961609,0.498563463144183
217000006,61,169,오무전기,37.31418541855594,126.7758453449463,512.0392749244713,0.9049874042961609,0.498563463144183
217000006,61,169,오무전기,37.314336202536296,126.77593324152475,512.0392749244713,0.9049874042961609,0.498563463144183
217000006,61,169,오무전기,37.31418541855594,126.7758453449463,512.0392749244713,0.9049874042961609,0.498563463144183
217000006,61,169,오무전기,37.31416243878936,126.77591965370765,512.0392749244713,0.9049874042961609,0.498563463144183
217000006,61,169,오무전기,37.31416243878936,126.77591965370765,512.0392749244713,0.9049874042961609,0.498563463144183
217000006,61,170,위스컴,37.31392019216938,126.77378170865322,512.0392749244713,0.9049874042961609,0.498563463144183
217000006,61,170,위스컴,37.31392019216938,126.77378170865322,512.0392749244713,0.9049874042961609,0.498563463144183
217000006,61,170,위스컴,37.31396741678578,126.77391073246596,512.0392749244713,0.9049874042961609,0.498563463144183
217000006,61,170,위스컴,37.31392019216938,126.77378170865322,512.0392749244713,0.9049874042961609,0.498563463144183
217000006,61,172,(주)코리아써키트,37.31371079444455,126.76346024692997,512.0392749244713,0.9049874042961609,0.498563463144183
217000006,61,172,(주)코리아써키트,37.31371079444455,126.76346024692997,512.0392749244713,0.9049874042961609,0.498563463144183
217000006,61,172,(주)코리아써키트,37.31376820952749,126.76347892432064,512.0392749244713,0.9049874042961609,0.498563463144183
217000006,61,172,(주)코리아써키트,37.313746720516,126.76347652675194,512.0392749244713,0.9049874042961609,0.498563463144183
217000006,61,173,오양기공(주),37.31534817158583,126.75776938423276,512.0392749244713,0.9049874042961609,0.498563463144183
217000006,61,173,오양기공(주),37.31534817158583,126.75776938423276,512.0392749244713,0.9049874042961609,0.498563463144183
217000006,61,173,오양기공(주),37.31538665919047,126.7577887603225,512.0392749244713,0.9049874042961609,0.498563463144183
217000006,61,173,오양기공(주),37.31534817158583,126.75776938423276,512.0392749244713,0.9049874042961609,0.498563463144183
217000006,61,175,코리아써키트2공장,37.31705676453437,126.75179600449331,512.0392749244713,0.9049874042961609,0.498563463144183
217000006,61,175,코리아써키트2공장,37.31705676453437,126.75179600449331,512.0392749244713,0.9049874042961609,0.498563463144183
217000006,61,175,코리아써키트2공장,37.31721898754629,126.75141199397936,512.0392749244713,0.9049874042961609,0.498563463144183
217000006,61,175,코리아써키트2공장,37.31721898754629,126.75141199397936,512.0392749244713,0.9049874042961609,0.498563463144183
217000006,61,175,코리아써키트2공장,37.31705676453437,126.75179600449331,512.0392749244713,0.9049874042961609,0.498563463144183
217000006,61,177,세경,37.31253257609118,126.75013219782802,512.0392749244713,0.9049874042961609,0.498563463144183
217000006,61,177,세경,37.31253616003375,126.7501150842856,512.0392749244713,0.9049874042961609,0.498563463144183
217000006,61,177,세경,37.312545606507726,126.75017570759016,512.0392749244713,0.9049874042961609,0.498563463144183
217000006,61,177,세경,37.311955149750766,126.75022553672522,512.0392749244713,0.9049874042961609,0.498563463144183
217000006,61,177,세경,37.311955149750766,126.75022553672522,512.0392749244713,0.9049874042961609,0.498563463144183
217000006,61,177,세경,37.31255630654737,126.75020699895144,512.0392749244713,0.9049874042961609,0.498563463144183
217000006,61,177,세경,37.31255973041762,126.75021978004548,512.0392749244713,0.9049874042961609,0.498563463144183
217000006,61,178,경원여객,37.31085063116792,126.75274141224604,512.0392749244713,0.9049874042961609,0.498563463144183
217000006,61,178,경원여객,37.31085063116792,126.75274141224604,512.0392749244713,0.9049874042961609,0.498563463144183
217000006,61,178,경원여객,37.31079907932342,126.75276807678748,512.0392749244713,0.9049874042961609,0.498563463144183
217000006,61,178,경원여객,37.31085063116792,126.75274141224604,512.0392749244713,0.9049874042961609,0.498563463144183
217000006,61,178,경원여객,37.31085594680295,126.7527800081324,512.0392749244713,0.9049874042961609,0.498563463144183
217000006,61,178,경원여객,37.31085594680295,126.7527800081324,512.0392749244713,0.9049874042961609,0.498563463144183
222000048,166-1,2,쌍용스윗닷홈.우성.건영아파트,37.57438149083826,127.2254374386279,255.55247524752474,0.7171892924668924,0.39510425856181947
222000048,166-1,2,쌍용스윗닷홈.우성.건영아파트,37.57438149083826,127.2254374386279,255.55247524752474,0.7171892924668924,0.39510425856181947
222000048,166-1,2,쌍용스윗닷홈.우성.건영아파트,37.57433247921592,127.22543189149977,255.55247524752474,0.7171892924668924,0.39510425856181947
222000048,166-1,2,쌍용스윗닷홈.우성.건영아파트,37.57433247921592,127.22543189149977,255.55247524752474,0.7171892924668924,0.39510425856181947
222000048,166-1,2,쌍용스윗닷홈.우성.건영아파트,37.574704674384506,127.22521458810826,255.55247524752474,0.7171892924668924,0.39510425856181947
222000048,166-1,2,쌍용스윗닷홈.우성.건영아파트,37.574704674390986,127.2252145847122,255.55247524752474,0.7171892924668924,0.39510425856181947
222000048,166-1,3,도심역,37.57687295209531,127.2213232907079,255.55247524752474,0.7171892924668924,0.39510425856181947
222000048,166-1,3,도심역,37.576815296252654,127.22152358283776,255.55247524752474,0.7171892924668924,0.39510425856181947
222000048,166-1,3,도심역,37.576768058600585,127.2216458659354,255.55247524752474,0.7171892924668924,0.39510425856181947
222000048,166-1,3,도심역,37.57687295209531,127.2213232907079,255.55247524752474,0.7171892924668924,0.39510425856181947
222000048,166-1,3,도심역,37.57687295209531,127.2213232907079,255.55247524752474,0.7171892924668924,0.39510425856181947
222000048,166-1,3,도심역,37.57679724088597,127.22152042186028,255.55247524752474,0.7171892924668924,0.39510425856181947
222000048,166-1,3,도심역,37.57687883615967,127.22149711795274,255.55247524752474,0.7171892924668924,0.39510425856181947
222000048,166-1,3,도심역,37.57687883615967,127.22149711795274,255.55247524752474,0.7171892924668924,0.39510425856181947
222000048,166-1,6,덕소현대아파트,37.57890245894969,127.2146891342966,255.55247524752474,0.7171892924668924,0.39510425856181947
222000048,166-1,6,덕소현대아파트,37.57890245894969,127.2146891342966,255.55247524752474,0.7171892924668924,0.39510425856181947
222000048,166-1,6,덕소현대아파트,37.57890245894969,127.2146891342966,255.55247524752474,0.7171892924668924,0.39510425856181947
222000048,166-1,6,덕소현대아파트,37.57890320322406,127.21469108588649,255.55247524752474,0.7171892924668924,0.39510425856181947
222000048,166-1,6,덕소현대아파트,37.57904766599427,127.21448123446154,255.55247524752474,0.7171892924668924,0.39510425856181947
222000048,166-1,6,덕소현대아파트,37.57904118034173,127.21448586760933,255.55247524752474,0.7171892924668924,0.39510425856181947
222000048,166-1,6,덕소현대아파트,37.579043726828445,127.21447926578088,255.55247524752474,0.7171892924668924,0.39510425856181947
222000048,166-1,8,덕소아이파크,37.58450102186939,127.22173668297644,255.55247524752474,0.7171892924668924,0.39510425856181947
222000048,166-1,8,덕소아이파크,37.58448292007738,127.22178966220326,255.55247524752474,0.7171892924668924,0.39510425856181947
222000048,166-1,8,덕소아이파크,37.58447356183429,127.22176453647944,255.55247524752474,0.7171892924668924,0.39510425856181947
222000048,166-1,12,코오롱아파트정문,37.5876377884153,127.217035269548,255.55247524752474,0.7171892924668924,0.39510425856181947
222000048,166-1,12,코오롱아파트정문,37.5876377884153,127.217035269548,255.55247524752474,0.7171892924668924,0.39510425856181947
222000048,166-1,12,코오롱아파트정문,37.5876377884153,127.217035269548,255.55247524752474,0.7171892924668924,0.39510425856181947
222000048,166-1,12,코오롱아파트정문,37.58763076626981,127.2170680008458,255.55247524752474,0.7171892924668924,0.39510425856181947
222000048,166-1,12,코오롱아파트정문,37.58788614073058,127.21737727760444,255.55247524752474,0.7171892924668924,0.39510425856181947
222000048,166-1,12,코오롱아파트정문,37.58788614073058,127.21737727760444,255.55247524752474,0.7171892924668924,0.39510425856181947
222000048,166-1,13,새루.코오롱아파트후문,37.58618853045198,127.21630645577024,255.55247524752474,0.7171892924668924,0.39510425856181947
222000048,166-1,13,새루.코오롱아파트후문,37.58618853045198,127.21630645577024,255.55247524752474,0.7171892924668924,0.39510425856181947
222000048,166-1,13,새루.코오롱아파트후문,37.58618853045198,127.21630645577024,255.55247524752474,0.7171892924668924,0.39510425856181947
222000048,166-1,13,새루.코오롱아파트후문,37.58667697831492,127.21649185236386,255.55247524752474,0.7171892924668924,0.39510425856181947
222000048,166-1,13,새루.코오롱아파트후문,37.58667913364384,127.21649766115252,255.55247524752474,0.7171892924668924,0.39510425856181947
222000048,166-1,13,새루.코오롱아파트후문,37.586677126246265,127.21653154786983,255.55247524752474,0.7171892924668924,0.39510425856181947
222000048,166-1,14,KT덕소지점,37.58494665987916,127.2154876942034,255.55247524752474,0.7171892924668924,0.39510425856181947
222000048,166-1,14,KT덕소지점,37.58554440446473,127.21600252725698,255.55247524752474,0.7171892924668924,0.39510425856181947
222000048,166-1,14,KT덕소지점,37.58494665987916,127.2154876942034,255.55247524752474,0.7171892924668924,0.39510425856181947
222000048,166-1,14,KT덕소지점,37.58554440446473,127.21600252725698,255.55247524752474,0.7171892924668924,0.39510425856181947
222000048,166-1,14,KT덕소지점,37.58554779354295,127.21600562961876,255.55247524752474,0.7171892924668924,0.39510425856181947
222000048,166-1,14,KT덕소지점,37.5854824038985,127.21599638080512,255.55247524752474,0.7171892924668924,0.39510425856181947
222000048,166-1,14,KT덕소지점,37.58548918597466,127.21600507192858,255.55247524752474,0.7171892924668924,0.39510425856181947
222000048,166-1,15,덕소초등학교후문,37.58733706786173,127.2153548733147,255.55247524752474,0.7171892924668924,0.39510425856181947
222000048,166-1,15,덕소초등학교후문,37.58458601865264,127.21456104134138,255.55247524752474,0.7171892924668924,0.39510425856181947
222000048,166-1,15,덕소초등학교후문,37.58459170737335,127.2145725186521,255.55247524752474,0.7171892924668924,0.39510425856181947
222000048,166-1,17,덕소역,37.584535101072944,127.20886330288477,255.55247524752474,0.7171892924668924,0.39510425856181947
222000048,166-1,17,덕소역,37.584535101072944,127.20886330288477,255.55247524752474,0.7171892924668924,0.39510425856181947
222000048,166-1,17,덕소역,37.584535101072944,127.20886330288477,255.55247524752474,0.7171892924668924,0.39510425856181947
222000048,166-1,17,덕소역,37.58453683078847,127.20886086335838,255.55247524752474,0.7171892924668924,0.39510425856181947
222000048,166-1,17,덕소역,37.58455720250491,127.20887342624869,255.55247524752474,0.7171892924668924,0.39510425856181947
222000048,166-1,17,덕소역,37.58455720250491,127.20887342624869,255.55247524752474,0.7171892924668924,0.39510425856181947
222000048,166-1,17,덕소역,37.58454713985807,127.20890825771004,255.55247524752474,0.7171892924668924,0.39510425856181947
222000048,166-1,17,덕소역,37.58464345114613,127.20853386007572,255.55247524752474,0.7171892924668924,0.39510425856181947
222000048,166-1,18,주공3단지.덕소역,37.58539419056369,127.20707685105003,255.55247524752474,0.7171892924668924,0.39510425856181947
222000048,166-1,18,주공3단지.덕소역,37.58539419056369,127.20707685105003,255.55247524752474,0.7171892924668924,0.39510425856181947
222000048,166-1,18,주공3단지.덕소역,37.58558156721815,127.20683678021176,255.55247524752474,0.7171892924668924,0.39510425856181947
222000048,166-1,18,주공3단지.덕소역,37.58539419056369,127.20707685105003,255.55247524752474,0.7171892924668924,0.39510425856181947
222000048,166-1,18,주공3단지.덕소역,37.58539419056369,127.20707685105003,255.55247524752474,0.7171892924668924,0.39510425856181947
222000048,166-1,18,주공3단지.덕소역,37.58558156741654,127.20683666699357,255.55247524752474,0.7171892924668924,0.39510425856181947
222000048,166-1,18,주공3단지.덕소역,37.58558291346116,127.20681303403408,255.55247524752474,0.7171892924668924,0.39510425856181947
222000048,166-1,18,주공3단지.덕소역,37.58559160657632,127.20676860499115,255.55247524752474,0.7171892924668924,0.39510425856181947
222000048,166-1,18,주공3단지.덕소역,37.58559160657632,127.20676860499115,255.55247524752474,0.7171892924668924,0.39510425856181947
222000048,166-1,19,삼패사거리.평구마을,37.58928224087366,127.19911876578034,255.55247524752474,0.7171892924668924,0.39510425856181947
222000048,166-1,19,삼패사거리.평구마을,37.58909479824617,127.19935106629538,255.55247524752474,0.7171892924668924,0.39510425856181947
222000048,166-1,19,삼패사거리.평구마을,37.58928224087366,127.19911876578034,255.55247524752474,0.7171892924668924,0.39510425856181947
222000048,166-1,19,삼패사거리.평구마을,37.58909479824617,127.19935106629538,255.55247524752474,0.7171892924668924,0.39510425856181947
222000048,166-1,19,삼패사거리.평구마을,37.58928224087366,127.19911876578034,255.55247524752474,0.7171892924668924,0.39510425856181947
222000048,166-1,19,삼패사거리.평구마을,37.58916063677909,127.19947828285363,255.55247524752474,0.7171892924668924,0.39510425856181947
222000048,166-1,19,삼패사거리.평구마을,37.58911868627444,127.19942037563032,255.55247524752474,0.7171892924668924,0.39510425856181947
222000048,166-1,20,역촌마을,37.59143619151749,127.19329113946004,255.55247524752474,0.7171892924668924,0.39510425856181947
222000048,166-1,20,역촌마을,37.59143619151749,127.19329113946004,255.55247524752474,0.7171892924668924,0.39510425856181947
222000048,166-1,20,역촌마을,37.59143619151749,127.19329113946004,255.55247524752474,0.7171892924668924,0.39510425856181947
222000048,166-1,20,역촌마을,37.59152271240162,127.1922908383507,255.55247524752474,0.7171892924668924,0.39510425856181947
222000048,166-1,20,역촌마을,37.59159822806296,127.19199792961966,255.55247524752474,0.7171892924668924,0.39510425856181947
222000048,166-1,20,역촌마을,37.59157508979085,127.19198957623598,255.55247524752474,0.7171892924668924,0.39510425856181947
222000048,166-1,20,역촌마을,37.59158460477706,127.191999778734,255.55247524752474,0.7171892924668924,0.39510425856181947
222000048,166-1,22,석실마을,37.59213855738313,127.17628599847396,255.55247524752474,0.7171892924668924,0.39510425856181947
222000048,166-1,22,석실마을,37.59213855738313,127.17628599847396,255.55247524752474,0.7171892924668924,0.39510425856181947
222000048,166-1,22,석실마을,37.5920617608146,127.179190639328,255.55247524752474,0.7171892924668924,0.39510425856181947
222000048,166-1,22,석실마을,37.5920617608146,127.179190639328,255.55247524752474,0.7171892924668924,0.39510425856181947
222000048,166-1,22,석실마을,37.5920617608146,127.179190639328,255.55247524752474,0.7171892924668924,0.39510425856181947
222000048,166-1,22,석실마을,37.59203250192349,127.17918365079532,255.55247524752474,0.7171892924668924,0.39510425856181947
222000048,166-1,22,석실마을,37.59203249923428,127.17918364173056,255.55247524752474,0.7171892924668924,0.39510425856181947
222000048,166-1,23,수석토성입구,37.591895340189296,127.17120771758874,255.55247524752474,0.7171892924668924,0.39510425856181947
222000048,166-1,23,수석토성입구,37.59192357327264,127.17118492733124,255.55247524752474,0.7171892924668924,0.39510425856181947
222000048,166-1,24,가운배수펌프장,37.59258739807084,127.16656913996492,255.55247524752474,0.7171892924668924,0.39510425856181947
222000048,166-1,24,가운배수펌프장,37.59246733685608,127.16644895532686,255.55247524752474,0.7171892924668924,0.39510425856181947
222000048,166-1,24,가운배수펌프장,37.59246733685608,127.16644895532686,255.55247524752474,0.7171892924668924,0.39510425856181947
222000048,166-1,24,가운배수펌프장,37.59253301454375,127.16653592430052,255.55247524752474,0.7171892924668924,0.39510425856181947
222000048,166-1,24,가운배수펌프장,37.59254333074857,127.16659840212756,255.55247524752474,0.7171892924668924,0.39510425856181947
222000048,166-1,24,가운배수펌프장,37.59254333074872,127.16659840201434,255.55247524752474,0.7171892924668924,0.39510425856181947
222000048,166-1,25,가운고등학교,37.59665712981757,127.16084910808978,255.55247524752474,0.7171892924668924,0.39510425856181947
222000048,166-1,25,가운고등학교,37.59665712981757,127.16084910808978,255.55247524752474,0.7171892924668924,0.39510425856181947
222000048,166-1,25,가운고등학교,37.5966520163168,127.16086829414382,255.55247524752474,0.7171892924668924,0.39510425856181947
222000048,166-1,25,가운고등학교,37.59676459321263,127.16081874785952,255.55247524752474,0.7171892924668924,0.39510425856181947
222000048,166-1,25,가운고등학교,37.59667029328505,127.16090635349268,255.55247524752474,0.7171892924668924,0.39510425856181947
222000048,166-1,32,한양대구리병원(중),37.59801556247783,127.13342203092782,255.55247524752474,0.7171892924668924,0.39510425856181947
222000048,166-1,32,한양대구리병원(중),37.59801556247783,127.13342203092782,255.55247524752474,0.7171892924668924,0.39510425856181947
222000048,166-1,32,한양대구리병원(중),37.59801556247783,127.13342203092782,255.55247524752474,0.7171892924668924,0.39510425856181947
222000048,166-1,32,한양대구리병원(중),37.59801556247783,127.13342203092782,255.55247524752474,0.7171892924668924,0.39510425856181947
222000048,166-1,32,한양대구리병원(중),37.59798604582994,127.13307089453735,255.55247524752474,0.7171892924668924,0.39510425856181947
222000048,166-1,32,한양대구리병원(중),37.59798604583007,127.13307089442412,255.55247524752474,0.7171892924668924,0.39510425856181947
222000048,166-1,32,한양대구리병원(중),37.59798604582994,127.13307089453735,255.55247524752474,0.7171892924668924,0.39510425856181947
222000048,166-1,32,한양대구리병원(중),37.59799544866888,127.1328756736464,255.55247524752474,0.7171892924668924,0.39510425856181947
222000048,166-1,32,한양대구리병원(중),37.59799544866888,127.1328756736464,255.55247524752474,0.7171892924668924,0.39510425856181947
222000048,166-1,33,교문사거리(중),37.59818123394756,127.12860816464575,255.55247524752474,0.7171892924668924,0.39510425856181947
222000048,166-1,33,교문사거리(중),37.59818123394756,127.12860816464575,255.55247524752474,0.7171892924668924,0.39510425856181947
222000048,166-1,33,교문사거리(중),37.59818123394756,127.12860816464575,255.55247524752474,0.7171892924668924,0.39510425856181947
222000048,166-1,33,교문사거리(중),37.59815982675514,127.12860255841753,255.55247524752474,0.7171892924668924,0.39510425856181947
222000048,166-1,33,교문사거리(중),37.59819213385968,127.12826696527615,255.55247524752474,0.7171892924668924,0.39510425856181947
222000048,166-1,63,딸기원(중),37.59769619627579,127.11918932960997,255.55247524752474,0.7171892924668924,0.39510425856181947
222000048,166-1,63,딸기원(중),37.59769619627579,127.11918932960997,255.55247524752474,0.7171892924668924,0.39510425856181947
222000048,166-1,63,딸기원(중),37.59769619627579,127.11918932960997,255.55247524752474,0.7171892924668924,0.39510425856181947
222000048,166-1,63,딸기원(중),37.597722163377625,127.11917879127034,255.55247524752474,0.7171892924668924,0.39510425856181947
222000048,166-1,63,딸기원(중),37.59776684371381,127.11890970411828,255.55247524752474,0.7171892924668924,0.39510425856181947
222000048,166-1,64,교문사거리(중),37.59802873846387,127.12781503443594,255.55247524752474,0.7171892924668924,0.39510425856181947
222000048,166-1,64,교문사거리(중),37.59802873846387,127.12781503443594,255.55247524752474,0.7171892924668924,0.39510425856181947
222000048,166-1,64,교문사거리(중),37.59802873846387,127.12781503443594,255.55247524752474,0.7171892924668924,0.39510425856181947
222000048,166-1,64,교문사거리(중),37.59810274720662,127.12781043267428,255.55247524752474,0.7171892924668924,0.39510425856181947
222000048,166-1,64,교문사거리(중),37.59810887397784,127.12780956782557,255.55247524752474,0.7171892924668924,0.39510425856181947
222000048,166-1,67,롯데백화점.구리역입구(중),37.5990784235449,127.14252232196728,255.55247524752474,0.7171892924668924,0.39510425856181947
222000048,166-1,67,롯데백화점.구리역입구(중),37.5990784235449,127.14252232196728,255.55247524752474,0.7171892924668924,0.39510425856181947
222000048,166-1,67,롯데백화점.구리역입구(중),37.5990784235449,127.14252232196728,255.55247524752474,0.7171892924668924,0.39510425856181947
222000048,166-1,67,롯데백화점.구리역입구(중),37.59914333669715,127.14248161199308,255.55247524752474,0.7171892924668924,0.39510425856181947
222000048,166-1,67,롯데백화점.구리역입구(중),37.59918112715235,127.1425940810346,255.55247524752474,0.7171892924668924,0.39510425856181947
222000048,166-1,69,가운지구입구,37.60295892157104,127.1575468034156,255.55247524752474,0.7171892924668924,0.39510425856181947
222000048,166-1,69,가운지구입구,37.60295892157104,127.1575468034156,255.55247524752474,0.7171892924668924,0.39510425856181947
222000048,166-1,69,가운지구입구,37.60295892157104,127.1575468034156,255.55247524752474,0.7171892924668924,0.39510425856181947
222000048,166-1,69,가운지구입구,37.60295711814543,127.1575694837548,255.55247524752474,0.7171892924668924,0.39510425856181947
222000048,166-1,69,가운지구입구,37.60297294603892,127.15764286719094,255.55247524752474,0.7171892924668924,0.39510425856181947
222000048,166-1,72,가운고등학교,37.5955154163673,127.16143367181104,255.55247524752474,0.7171892924668924,0.39510425856181947
222000048,166-1,72,가운고등학교,37.595514047949855,127.16139426912078,255.55247524752474,0.7171892924668924,0.39510425856181947
222000048,166-1,72,가운고등학교,37.595514047949855,127.16139426912078,255.55247524752474,0.7171892924668924,0.39510425856181947
222000048,166-1,72,가운고등학교,37.59553993233429,127.1615151279698,255.55247524752474,0.7171892924668924,0.39510425856181947
222000048,166-1,73,가운배수펌프장,37.5923669114958,127.16638748195398,255.55247524752474,0.7171892924668924,0.39510425856181947
222000048,166-1,73,가운배수펌프장,37.59228189387884,127.1665527573698,255.55247524752474,0.7171892924668924,0.39510425856181947
222000048,166-1,73,가운배수펌프장,37.59228189387884,127.1665527573698,255.55247524752474,0.7171892924668924,0.39510425856181947
222000048,166-1,73,가운배수펌프장,37.59234501229137,127.16659232123088,255.55247524752474,0.7171892924668924,0.39510425856181947
222000048,166-1,73,가운배수펌프장,37.59234501229137,127.16659232123088,255.55247524752474,0.7171892924668924,0.39510425856181947
222000048,166-1,77,역촌마을,37.5913997753044,127.19189818983943,255.55247524752474,0.7171892924668924,0.39510425856181947
222000048,166-1,77,역촌마을,37.591308050493055,127.19187046563869,255.55247524752474,0.7171892924668924,0.39510425856181947
222000048,166-1,79,신암아파트,37.58579505576066,127.20617527582432,255.55247524752474,0.7171892924668924,0.39510425856181947
222000048,166-1,82,덕소초등학교.와부농협본점,37.5840683359677,127.21292647023652,255.55247524752474,0.7171892924668924,0.39510425856181947
222000048,166-1,82,덕소초등학교.와부농협본점,37.58401513337237,127.2123562571936,255.55247524752474,0.7171892924668924,0.39510425856181947
222000048,166-1,82,덕소초등학교.와부농협본점,37.58401513337237,127.2123562571936,255.55247524752474,0.7171892924668924,0.39510425856181947
222000048,166-1,82,덕소초등학교.와부농협본점,37.58404113286475,127.21235499056502,255.55247524752474,0.7171892924668924,0.39510425856181947
222000048,166-1,82,덕소초등학교.와부농협본점,37.58401513337237,127.2123562571936,255.55247524752474,0.7171892924668924,0.39510425856181947
222000048,166-1,82,덕소초등학교.와부농협본점,37.58403914204032,127.21226211234205,255.55247524752474,0.7171892924668924,0.39510425856181947
222000048,166-1,87,코오롱아파트,37.58727478216255,127.21966378063036,255.55247524752474,0.7171892924668924,0.39510425856181947
222000048,166-1,87,코오롱아파트,37.58740059597466,127.21948042457748,255.55247524752474,0.7171892924668924,0.39510425856181947
222000048,166-1,87,코오롱아파트,37.5873418478421,127.21975407818633,255.55247524752474,0.7171892924668924,0.39510425856181947
222000048,166-1,87,코오롱아파트,37.5873189208349,127.21966667407423,255.55247524752474,0.7171892924668924,0.39510425856181947
222000048,166-1,87,코오롱아파트,37.587345543223165,127.2197596616955,255.55247524752474,0.7171892924668924,0.39510425856181947
222000048,166-1,88,동부센트레빌.덕소아이파크,37.58636743718226,127.22245218919468,255.55247524752474,0.7171892924668924,0.39510425856181947
222000048,166-1,88,동부센트레빌.덕소아이파크,37.58636743718226,127.22245218919468,255.55247524752474,0.7171892924668924,0.39510425856181947
222000048,166-1,88,동부센트레빌.덕소아이파크,37.58636743718226,127.22245218919468,255.55247524752474,0.7171892924668924,0.39510425856181947
222000048,166-1,88,동부센트레빌.덕소아이파크,37.58636743718226,127.22245218919468,255.55247524752474,0.7171892924668924,0.39510425856181947
222000048,166-1,88,동부센트레빌.덕소아이파크,37.58636832309573,127.2224526359929,255.55247524752474,0.7171892924668924,0.39510425856181947
222000048,166-1,88,동부센트레빌.덕소아이파크,37.58636743736182,127.2224521895349,255.55247524752474,0.7171892924668924,0.39510425856181947
222000048,166-1,88,동부센트레빌.덕소아이파크,37.58637370150343,127.2224591213861,255.55247524752474,0.7171892924668924,0.39510425856181947
222000048,166-1,89,덕소아이파크,37.58409679585912,127.22040405470274,255.55247524752474,0.7171892924668924,0.39510425856181947
222000048,166-1,89,덕소아이파크,37.58409679585912,127.22040405470274,255.55247524752474,0.7171892924668924,0.39510425856181947
222000048,166-1,89,덕소아이파크,37.58410698463649,127.22039531804744,255.55247524752474,0.7171892924668924,0.39510425856181947
222000048,166-1,89,덕소아이파크,37.5840926158502,127.22039278379128,255.55247524752474,0.7171892924668924,0.39510425856181947
222000048,166-1,89,덕소아이파크,37.58417535388444,127.22059007432983,255.55247524752474,0.7171892924668924,0.39510425856181947
222000048,166-1,90,와부읍사무소,37.5819759090048,127.21621452638516,255.55247524752474,0.7171892924668924,0.39510425856181947
222000048,166-1,90,와부읍사무소,37.5819759090048,127.21621452638516,255.55247524752474,0.7171892924668924,0.39510425856181947
222000048,166-1,90,와부읍사무소,37.5819759090048,127.21621452638516,255.55247524752474,0.7171892924668924,0.39510425856181947
222000048,166-1,90,와부읍사무소,37.5819759090048,127.21621452638516,255.55247524752474,0.7171892924668924,0.39510425856181947
222000048,166-1,90,와부읍사무소,37.58192445811654,127.2162478333412,255.55247524752474,0.7171892924668924,0.39510425856181947
222000048,166-1,90,와부읍사무소,37.581918251372784,127.21627182791016,255.55247524752474,0.7171892924668924,0.39510425856181947
222000048,166-1,91,덕소현대아파트,37.578822028342806,127.2143266360842,255.55247524752474,0.7171892924668924,0.39510425856181947
222000048,166-1,91,덕소현대아파트,37.578822028342806,127.2143266360842,255.55247524752474,0.7171892924668924,0.39510425856181947
222000048,166-1,91,덕소현대아파트,37.578822028342806,127.2143266360842,255.55247524752474,0.7171892924668924,0.39510425856181947
222000048,166-1,91,덕소현대아파트,37.57882230674309,127.21432465460094,255.55247524752474,0.7171892924668924,0.39510425856181947
222000048,166-1,91,덕소현대아파트,37.578868118038415,127.2144296499019,255.55247524752474,0.7171892924668924,0.39510425856181947
222000048,166-1,91,덕소현대아파트,37.57889148146998,127.21438710064716,255.55247524752474,0.7171892924668924,0.39510425856181947
222000048,166-1,92,두산아파트.벽산아파트,37.5771978380484,127.21564649162124,255.55247524752474,0.7171892924668924,0.39510425856181947
222000048,166-1,92,두산아파트.벽산아파트,37.57725837028008,127.21580232465128,255.55247524752474,0.7171892924668924,0.39510425856181947
222000048,166-1,92,두산아파트.벽산아파트,37.577198232489,127.21570183127844,255.55247524752474,0.7171892924668924,0.39510425856181947
222000048,166-1,92,두산아파트.벽산아파트,37.5772682050364,127.21578632190872,255.55247524752474,0.7171892924668924,0.39510425856181947
222000048,166-1,92,두산아파트.벽산아파트,37.577256969815785,127.21580792204996,255.55247524752474,0.7171892924668924,0.39510425856181947
222000048,166-1,93,쌍용아파트.덕소고교,37.575977910512535,127.2176014064832,255.55247524752474,0.7171892924668924,0.39510425856181947
222000048,166-1,93,쌍용아파트.덕소고교,37.57598679269909,127.21760911889642,255.55247524752474,0.7171892924668924,0.39510425856181947
222000048,166-1,93,쌍용아파트.덕소고교,37.576003034299525,127.21759722311134,255.55247524752474,0.7171892924668924,0.39510425856181947
222000048,166-1,93,쌍용아파트.덕소고교,37.57603696157978,127.21756474503312,255.55247524752474,0.7171892924668924,0.39510425856181947
222000048,166-1,93,쌍용아파트.덕소고교,37.57616165883662,127.21802144305248,255.55247524752474,0.7171892924668924,0.39510425856181947
222000048,166-1,95,도심역,37.57637436718616,127.22242508492894,255.55247524752474,0.7171892924668924,0.39510425856181947
222000048,166-1,95,도심역,37.57663981604135,127.2214098577831,255.55247524752474,0.7171892924668924,0.39510425856181947
222000048,166-1,95,도심역,37.576586791124434,127.22160589341514,255.55247524752474,0.7171892924668924,0.39510425856181947
222000048,166-1,95,도심역,37.57637436718616,127.22242508492894,255.55247524752474,0.7171892924668924,0.39510425856181947
222000048,166-1,95,도심역,37.57666875053763,127.22142762158737,255.55247524752474,0.7171892924668924,0.39510425856181947
222000048,166-1,95,도심역,37.576693349599296,127.22144338694578,255.55247524752474,0.7171892924668924,0.39510425856181947
222000048,166-1,95,도심역,37.576693349599296,127.22144338694578,255.55247524752474,0.7171892924668924,0.39510425856181947
222000048,166-1,97,연대농장입구.도곡리종점,37.571292806945785,127.22576577185237,255.55247524752474,0.7171892924668924,0.39510425856181947
222000048,166-1,97,연대농장입구.도곡리종점,37.571292806945785,127.22576577185237,255.55247524752474,0.7171892924668924,0.39510425856181947
222000048,166-1,97,연대농장입구.도곡리종점,37.57129743709381,127.22576372869771,255.55247524752474,0.7171892924668924,0.39510425856181947
222000048,166-1,97,연대농장입구.도곡리종점,37.57133582917236,127.22584200372204,255.55247524752474,0.7171892924668924,0.39510425856181947
222000048,166-1,97,연대농장입구.도곡리종점,37.57129356149788,127.22585768757554,255.55247524752474,0.7171892924668924,0.39510425856181947
222000055,66,0,훈련장입구,37.62985268651518,127.29072577107998,516.1398416886543,0.8381506829158794,0.4617426774422296
222000055,66,0,훈련장입구,37.62984042278951,127.29072192823728,516.1398416886543,0.8381506829158794,0.4617426774422296
222000055,66,0,훈련장입구,37.62991109203504,127.29068803198788,516.1398416886543,0.8381506829158794,0.4617426774422296
222000055,66,1,원차산,37.63094793362417,127.29256604292247,516.1398416886543,0.8381506829158794,0.4617426774422296
222000055,66,1,원차산,37.630956011711525,127.29270126960247,516.1398416886543,0.8381506829158794,0.4617426774422296
222000055,66,1,원차산,37.63097064806668,127.2926849717035,516.1398416886543,0.8381506829158794,0.4617426774422296
222000055,66,1,원차산,37.630956011711525,127.29270126960247,516.1398416886543,0.8381506829158794,0.4617426774422296
222000055,66,5,이안.청구아파트,37.638382109218576,127.3026213720031,516.1398416886543,0.8381506829158794,0.4617426774422296
222000055,66,5,이안.청구아파트,37.638382109218576,127.3026213720031,516.1398416886543,0.8381506829158794,0.4617426774422296
222000055,66,5,이안.청구아파트,37.63839108126879,127.30261783042268,516.1398416886543,0.8381506829158794,0.4617426774422296
222000055,66,5,이안.청구아파트,37.63850245520925,127.3027498832606,516.1398416886543,0.8381506829158794,0.4617426774422296
222000055,66,5,이안.청구아파트,37.63850245520925,127.3027498832606,516.1398416886543,0.8381506829158794,0.4617426774422296
222000055,66,5,이안.청구아파트,37.63850244801891,127.3027498764335,516.1398416886543,0.8381506829158794,0.4617426774422296
222000055,66,5,이안.청구아파트,37.63850244801891,127.3027498764335,516.1398416886543,0.8381506829158794,0.4617426774422296
222000055,66,5,이안.청구아파트,37.63851576748211,127.30273468045743,516.1398416886543,0.8381506829158794,0.4617426774422296
222000055,66,8,녹촌3리,37.64109878229269,127.29348787431216,516.1398416886543,0.8381506829158794,0.4617426774422296
222000055,66,8,녹촌3리,37.6411053282933,127.29345052668457,516.1398416886543,0.8381506829158794,0.4617426774422296
222000055,66,8,녹촌3리,37.64110559733957,127.29344903622489,516.1398416886543,0.8381506829158794,0.4617426774422296
222000055,66,9,두산위브아파트,37.64032305730609,127.29313614083662,516.1398416886543,0.8381506829158794,0.4617426774422296
222000055,66,9,두산위브아파트,37.64032305730609,127.29313614083662,516.1398416886543,0.8381506829158794,0.4617426774422296
222000055,66,9,두산위브아파트,37.64031338592515,127.29314022792047,516.1398416886543,0.8381506829158794,0.4617426774422296
222000055,66,13,신명아파트,37.64418161669467,127.30178147793484,516.1398416886543,0.8381506829158794,0.4617426774422296
222000055,66,13,신명아파트,37.64418161669467,127.30178147793484,516.1398416886543,0.8381506829158794,0.4617426774422296
222000055,66,13,신명아파트,37.64420921180562,127.30195332927656,516.1398416886543,0.8381506829158794,0.4617426774422296
222000055,66,14,두산.신명상가,37.64462536500199,127.302558523472,516.1398416886543,0.8381506829158794,0.4617426774422296
222000055,66,14,두산.신명상가,37.64460831885273,127.30245400580073,516.1398416886543,0.8381506829158794,0.4617426774422296
222000055,66,14,두산.신명상가,37.6446328264904,127.30244589939716,516.1398416886543,0.8381506829158794,0.4617426774422296
222000055,66,17,산성마을입구,37.64943588888546,127.3134538456308,516.1398416886543,0.8381506829158794,0.4617426774422296
222000055,66,17,산성마을입구,37.64946220155899,127.31345984409025,516.1398416886543,0.8381506829158794,0.4617426774422296
222000055,66,17,산성마을입구,37.64943588888546,127.3134538456308,516.1398416886543,0.8381506829158794,0.4617426774422296
222000055,66,17,산성마을입구,37.64943588888546,127.3134538456308,516.1398416886543,0.8381506829158794,0.4617426774422296
222000055,66,17,산성마을입구,37.64946220155899,127.31345984409025,516.1398416886543,0.8381506829158794,0.4617426774422296
222000055,66,17,산성마을입구,37.64942360107697,127.31325618670184,516.1398416886543,0.8381506829158794,0.4617426774422296
222000055,66,18,마석역,37.64940969251162,127.31058402407666,516.1398416886543,0.8381506829158794,0.4617426774422296
222000055,66,18,마석역,37.649399200356136,127.30943382960004,516.1398416886543,0.8381506829158794,0.4617426774422296
222000055,66,18,마석역,37.649356411707096,127.30943081918858,516.1398416886543,0.8381506829158794,0.4617426774422296
222000055,66,18,마석역,37.64940969251162,127.31058402407666,516.1398416886543,0.8381506829158794,0.4617426774422296
222000055,66,18,마석역,37.649356411707096,127.30943081918858,516.1398416886543,0.8381506829158794,0.4617426774422296
222000055,66,18,마석역,37.649399200356136,127.30943382960004,516.1398416886543,0.8381506829158794,0.4617426774422296
222000055,66,18,마석역,37.649356411707096,127.30943081918858,516.1398416886543,0.8381506829158794,0.4617426774422296
222000055,66,18,마석역,37.649399200356136,127.30943382960004,516.1398416886543,0.8381506829158794,0.4617426774422296
222000055,66,18,마석역,37.649356411707096,127.30943081918858,516.1398416886543,0.8381506829158794,0.4617426774422296
222000055,66,18,마석역,37.649362141748746,127.31057605715972,516.1398416886543,0.8381506829158794,0.4617426774422296
222000055,66,20,마석성당,37.65141756357095,127.30565111541996,516.1398416886543,0.8381506829158794,0.4617426774422296
222000055,66,20,마석성당,37.65142203975771,127.30566716911753,516.1398416886543,0.8381506829158794,0.4617426774422296
222000055,66,20,마석성당,37.65142203975771,127.30566716911753,516.1398416886543,0.8381506829158794,0.4617426774422296
222000055,66,20,마석성당,37.65144007799108,127.3056929729154,516.1398416886543,0.8381506829158794,0.4617426774422296
222000055,66,23,중흥아파트,37.65506094252794,127.3019637763063,516.1398416886543,0.8381506829158794,0.4617426774422296
222000055,66,23,중흥아파트,37.65505594753396,127.30195672319296,516.1398416886543,0.8381506829158794,0.4617426774422296
222000055,66,23,중흥아파트,37.65500843412444,127.30194380564484,516.1398416886543,0.8381506829158794,0.4617426774422296
222000055,66,23,중흥아파트,37.65500843412472,127.30194380553152,516.1398416886543,0.8381506829158794,0.4617426774422296
222000055,66,23,중흥아파트,37.65500843412472,127.30194380553152,516.1398416886543,0.8381506829158794,0.4617426774422296
222000055,66,24,마석주공아파트,37.65615175389133,127.30171887744416,516.1398416886543,0.8381506829158794,0.4617426774422296
222000055,66,24,마석주공아파트,37.65615224500824,127.30168115106174,516.1398416886543,0.8381506829158794,0.4617426774422296
222000055,66,24,마석주공아파트,37.6561603335299,127.30168309559171,516.1398416886543,0.8381506829158794,0.4617426774422296
222000055,66,25,대림아파트.신도브래뉴1차아파트,37.658990224512245,127.302447176113,516.1398416886543,0.8381506829158794,0.4617426774422296
222000055,66,25,대림아파트.신도브래뉴1차아파트,37.65855563033317,127.3023972481621,516.1398416886543,0.8381506829158794,0.4617426774422296
222000055,66,25,대림아파트.신도브래뉴1차아파트,37.65855563033317,127.3023972481621,516.1398416886543,0.8381506829158794,0.4617426774422296
222000055,66,25,대림아파트.신도브래뉴1차아파트,37.65899572952807,127.30245454109291,516.1398416886543,0.8381506829158794,0.4617426774422296
222000055,66,25,대림아파트.신도브래뉴1차아파트,37.65899818135859,127.30241824125468,516.1398416886543,0.8381506829158794,0.4617426774422296
222000055,66,29,마석주공아파트,37.65645883684438,127.30142547221564,516.1398416886543,0.8381506829158794,0.4617426774422296
222000055,66,29,마석주공아파트,37.656449685968255,127.30143132251212,516.1398416886543,0.8381506829158794,0.4617426774422296
222000055,66,29,마석주공아파트,37.65645322179075,127.30143716743382,516.1398416886543,0.8381506829158794,0.4617426774422296
222000055,66,30,중흥아파트,37.654826951389175,127.30186083747246,516.1398416886543,0.8381506829158794,0.4617426774422296
222000055,66,30,중흥아파트,37.65482751742525,127.30186391989989,516.1398416886543,0.8381506829158794,0.4617426774422296
222000055,66,30,중흥아파트,37.65484884185528,127.30185368810872,516.1398416886543,0.8381506829158794,0.4617426774422296
222000055,66,30,중흥아파트,37.65484884185558,127.3018536879954,516.1398416886543,0.8381506829158794,0.4617426774422296
222000055,66,30,중흥아파트,37.65484884185558,127.3018536879954,516.1398416886543,0.8381506829158794,0.4617426774422296
222000055,66,31,대영빌딩.용호빌딩,37.65508798272116,127.3044207651084,516.1398416886543,0.8381506829158794,0.4617426774422296
222000055,66,31,대영빌딩.용호빌딩,37.65508798272116,127.3044207651084,516.1398416886543,0.8381506829158794,0.4617426774422296
222000055,66,31,대영빌딩.용호빌딩,37.65508798272116,127.3044207651084,516.1398416886543,0.8381506829158794,0.4617426774422296
222000055,66,32,심석중고교,37.65327560744064,127.30513237483804,516.1398416886543,0.8381506829158794,0.4617426774422296
222000055,66,32,심석중고교,37.653395022584725,127.3051186982933,516.1398416886543,0.8381506829158794,0.4617426774422296
222000055,66,32,심석중고교,37.65329268207951,127.30515459788212,516.1398416886543,0.8381506829158794,0.4617426774422296
222000055,66,32,심석중고교,37.65329554771476,127.3051603176018,516.1398416886543,0.8381506829158794,0.4617426774422296
222000055,66,33,마석성당,37.65139379203683,127.30550798559145,516.1398416886543,0.8381506829158794,0.4617426774422296
222000055,66,33,마석성당,37.651527021904734,127.30539718476484,516.1398416886543,0.8381506829158794,0.4617426774422296
222000055,66,33,마석성당,37.65153661557249,127.30545145833857,516.1398416886543,0.8381506829158794,0.4617426774422296
222000055,66,33,마석성당,37.65153853290459,127.30544239277056,516.1398416886543,0.8381506829158794,0.4617426774422296
222000055,66,35,마석역,37.649230275891966,127.30943029586034,516.1398416886543,0.8381506829158794,0.4617426774422296
222000055,66,35,마석역,37.649230275891966,127.30943029586034,516.1398416886543,0.8381506829158794,0.4617426774422296
222000055,66,35,마석역,37.649230275891966,127.30943029586034,516.1398416886543,0.8381506829158794,0.4617426774422296
222000055,66,35,마석역,37.64922610552927,127.3118693857262,516.1398416886543,0.8381506829158794,0.4617426774422296
222000055,66,35,마석역,37.649230275891966,127.30943029586034,516.1398416886543,0.8381506829158794,0.4617426774422296
222000055,66,35,마석역,37.649230275891966,127.30943029586034,516.1398416886543,0.8381506829158794,0.4617426774422296
222000055,66,35,마석역,37.649230275891966,127.30943029586034,516.1398416886543,0.8381506829158794,0.4617426774422296
222000055,66,35,마석역,37.64926522968814,127.31135637792048,516.1398416886543,0.8381506829158794,0.4617426774422296
222000055,66,35,마석역,37.64929278690039,127.31185989906037,516.1398416886543,0.8381506829158794,0.4617426774422296
222000055,66,35,마석역,37.64926522968814,127.31135637792048,516.1398416886543,0.8381506829158794,0.4617426774422296
222000055,66,36,산성마을입구,37.64928248312826,127.31354385301388,516.1398416886543,0.8381506829158794,0.4617426774422296
222000055,66,36,산성마을입구,37.64928248312826,127.31354385301388,516.1398416886543,0.8381506829158794,0.4617426774422296
222000055,66,36,산성마을입구,37.64928248312826,127.31354385301388,516.1398416886543,0.8381506829158794,0.4617426774422296
222000055,66,36,산성마을입구,37.64926292627396,127.31327464735772,516.1398416886543,0.8381506829158794,0.4617426774422296
222000055,66,36,산성마을입구,37.64926292627396,127.31327464735772,516.1398416886543,0.8381506829158794,0.4617426774422296
222000055,66,36,산성마을입구,37.64930537677811,127.31327297409948,516.1398416886543,0.8381506829158794,0.4617426774422296
222000055,66,37,롯데마트,37.64845130811291,127.30928542166562,516.1398416886543,0.8381506829158794,0.4617426774422296
222000055,66,37,롯데마트,37.648467826160775,127.31024168922605,516.1398416886543,0.8381506829158794,0.4617426774422296
222000055,66,37,롯데마트,37.64831425378903,127.30645377928624,516.1398416886543,0.8381506829158794,0.4617426774422296
222000055,66,37,롯데마트,37.648467826160775,127.31024168922605,516.1398416886543,0.8381506829158794,0.4617426774422296
222000055,66,37,롯데마트,37.64850577061837,127.31023828050512,516.1398416886543,0.8381506829158794,0.4617426774422296
222000055,66,38,원병원,37.648503784499454,127.30382673747155,516.1398416886543,0.8381506829158794,0.4617426774422296
222000055,66,38,원병원,37.648424212349695,127.3041125308763,516.1398416886543,0.8381506829158794,0.4617426774422296
222000055,66,38,원병원,37.648424212349695,127.3041125308763,516.1398416886543,0.8381506829158794,0.4617426774422296
222000055,66,38,원병원,37.648424212349695,127.3041125308763,516.1398416886543,0.8381506829158794,0.4617426774422296
222000055,66,38,원병원,37.648508208901525,127.30384434976165,516.1398416886543,0.8381506829158794,0.4617426774422296
222000055,66,38,원병원,37.64850906595108,127.30382047685762,516.1398416886543,0.8381506829158794,0.4617426774422296
222000055,66,41,창현초등학교,37.64279881700417,127.30188014244274,516.1398416886543,0.8381506829158794,0.4617426774422296
222000055,66,41,창현초등학교,37.64275962883523,127.30196991652832,516.1398416886543,0.8381506829158794,0.4617426774422296
222000055,66,41,창현초등학교,37.64281532644193,127.30194075397552,516.1398416886543,0.8381506829158794,0.4617426774422296
222000055,66,41,창현초등학교,37.64275962883523,127.30196991652832,516.1398416886543,0.8381506829158794,0.4617426774422296
222000055,66,44,녹촌3리,37.64109878229269,127.29348787431216,516.1398416886543,0.8381506829158794,0.4617426774422296
222000055,66,44,녹촌3리,37.6411053282933,127.29345052668457,516.1398416886543,0.8381506829158794,0.4617426774422296
222000055,66,44,녹촌3리,37.64110559733957,127.29344903622489,516.1398416886543,0.8381506829158794,0.4617426774422296
222000055,66,45,두산위브아파트,37.64032305730609,127.29313614083662,516.1398416886543,0.8381506829158794,0.4617426774422296
222000055,66,45,두산위브아파트,37.64032305730609,127.29313614083662,516.1398416886543,0.8381506829158794,0.4617426774422296
222000055,66,45,두산위브아파트,37.64031338592515,127.29314022792047,516.1398416886543,0.8381506829158794,0.4617426774422296
222000055,66,48,이안.청구아파트,37.63849741171825,127.30245472393142,516.1398416886543,0.8381506829158794,0.4617426774422296
222000055,66,48,이안.청구아파트,37.638409632260974,127.30242887588928,516.1398416886543,0.8381506829158794,0.4617426774422296
222000055,66,48,이안.청구아파트,37.638409632260974,127.30242887588928,516.1398416886543,0.8381506829158794,0.4617426774422296
222000055,66,48,이안.청구아파트,37.63851044106443,127.3024405679438,516.1398416886543,0.8381506829158794,0.4617426774422296
222000055,66,48,이안.청구아파트,37.63851005862919,127.30245127539878,516.1398416886543,0.8381506829158794,0.4617426774422296
222000055,66,48,이안.청구아파트,37.63851044106443,127.3024405679438,516.1398416886543,0.8381506829158794,0.4617426774422296
222000055,66,48,이안.청구아파트,37.638489842615,127.30241991051696,516.1398416886543,0.8381506829158794,0.4617426774422296
222000055,66,48,이안.청구아파트,37.6385104401896,127.30244055774334,516.1398416886543,0.8381506829158794,0.4617426774422296
222000055,66,49,현대아파트,37.63647114618475,127.30296483822636,516.1398416886543,0.8381506829158794,0.4617426774422296
222000055,66,49,현대아파트,37.63647114618475,127.30296483822636,516.1398416886543,0.8381506829158794,0.4617426774422296
222000055,66,49,현대아파트,37.63663025004748,127.3027962359244,516.1398416886543,0.8381506829158794,0.4617426774422296
222000055,66,49,현대아파트,37.63663025004748,127.3027962359244,516.1398416886543,0.8381506829158794,0.4617426774422296
222000055,66,49,현대아파트,37.63667163103468,127.30284406069742,516.1398416886543,0.8381506829158794,0.4617426774422296
222000055,66,49,현대아파트,37.63667163103468,127.30284406069742,516.1398416886543,0.8381506829158794,0.4617426774422296
222000055,66,53,훈련장입구,37.62998869748768,127.2903751145393,516.1398416886543,0.8381506829158794,0.4617426774422296
222000055,66,53,훈련장입구,37.62998319795778,127.2904007116188,516.1398416886543,0.8381506829158794,0.4617426774422296
222000055,66,53,훈련장입구,37.6299462246468,127.29038995740072,516.1398416886543,0.8381506829158794,0.4617426774422296
228000179,1001,0,초당고등학교,37.256379187207735,127.1631472983009,175.98809523809524,0.5881401300254502,0.3240102333441973
228000179,1001,0,초당고등학교,37.256375561640674,127.16313470819716,175.98809523809524,0.5881401300254502,0.3240102333441973
228000179,1001,0,초당고등학교,37.256375561640674,127.16313470819716,175.98809523809524,0.5881401300254502,0.3240102333441973
228000179,1001,0,초당고등학교,37.256375561640674,127.16313470819716,175.98809523809524,0.5881401300254502,0.3240102333441973
228000179,1001,0,초당고등학교,37.256375561640674,127.16313470819716,175.98809523809524,0.5881401300254502,0.3240102333441973
228000179,1001,0,초당고등학교,37.256375561640674,127.16313470819716,175.98809523809524,0.5881401300254502,0.3240102333441973
228000179,1001,0,초당고등학교,37.256452682337496,127.16327816976028,175.98809523809524,0.5881401300254502,0.3240102333441973
228000179,1001,0,초당고등학교,37.256452682337496,127.16327816976028,175.98809523809524,0.5881401300254502,0.3240102333441973
228000179,1001,3,동백경남아너스빌,37.26436719876229,127.15623734068755,175.98809523809524,0.5881401300254502,0.3240102333441973
228000179,1001,3,동백경남아너스빌,37.26435909377079,127.15622992506762,175.98809523809524,0.5881401300254502,0.3240102333441973
228000179,1001,3,동백경남아너스빌,37.26435909377079,127.15622992506762,175.98809523809524,0.5881401300254502,0.3240102333441973
228000179,1001,3,동백경남아너스빌,37.26435909377079,127.15622992506762,175.98809523809524,0.5881401300254502,0.3240102333441973
228000179,1001,3,동백경남아너스빌,37.26437234595588,127.15632369373378,175.98809523809524,0.5881401300254502,0.3240102333441973
228000179,1001,3,동백경남아너스빌,37.26437234595588,127.15632369373378,175.98809523809524,0.5881401300254502,0.3240102333441973
228000179,1001,3,동백경남아너스빌,37.26436207946418,127.15631620824954,175.98809523809524,0.5881401300254502,0.3240102333441973
228000179,1001,6,쥬네브상가,37.27252708169733,127.1509735889122,175.98809523809524,0.5881401300254502,0.3240102333441973
228000179,1001,6,쥬네브상가,37.27252933147216,127.15098145647696,175.98809523809524,0.5881401300254502,0.3240102333441973
228000179,1001,6,쥬네브상가,37.272559468196384,127.15094075697247,175.98809523809524,0.5881401300254502,0.3240102333441973
228000179,1001,7,동백소방서.동일하이빌.롯데캐슬,37.27541689978212,127.15468280974989,175.98809523809524,0.5881401300254502,0.3240102333441973
228000179,1001,7,동백소방서.동일하이빌.롯데캐슬,37.27538987085999,127.15467418073531,175.98809523809524,0.5881401300254502,0.3240102333441973
228000179,1001,7,동백소방서.동일하이빌.롯데캐슬,37.27538987085999,127.15467418073531,175.98809523809524,0.5881401300254502,0.3240102333441973
228000179,1001,7,동백소방서.동일하이빌.롯데캐슬,37.27543792808481,127.1545697978806,175.98809523809524,0.5881401300254502,0.3240102333441973
228000179,1001,9,동백중학교,37.28205004740079,127.15799029726588,175.98809523809524,0.5881401300254502,0.3240102333441973
228000179,1001,9,동백중학교,37.28206221881791,127.15796922595447,175.98809523809524,0.5881401300254502,0.3240102333441973
228000179,1001,9,동백중학교,37.28206221881791,127.15796922595447,175.98809523809524,0.5881401300254502,0.3240102333441973
228000179,1001,9,동백중학교,37.28209444539867,127.15796919746172,175.98809523809524,0.5881401300254502,0.3240102333441973
228000179,1001,12,동백이마트,37.27611486189947,127.15093662523076,175.98809523809524,0.5881401300254502,0.3240102333441973
228000179,1001,12,동백이마트,37.2760794622145,127.15095472029786,175.98809523809524,0.5881401300254502,0.3240102333441973
228000179,1001,12,동백이마트,37.27626846237598,127.15079655841194,175.98809523809524,0.5881401300254502,0.3240102333441973
228000179,1001,12,동백이마트,37.2760794622145,127.15095472029786,175.98809523809524,0.5881401300254502,0.3240102333441973
228000179,1001,12,동백이마트,37.2760794622145,127.15095472029786,175.98809523809524,0.5881401300254502,0.3240102333441973
228000179,1001,12,동백이마트,37.276312477895615,127.15077822716458,175.98809523809524,0.5881401300254502,0.3240102333441973
228000179,1001,12,동백이마트,37.2760794622145,127.15095472029786,175.98809523809524,0.5881401300254502,0.3240102333441973
228000179,1001,12,동백이마트,37.2760794622145,127.15095472029786,175.98809523809524,0.5881401300254502,0.3240102333441973
228000179,1001,12,동백이마트,37.2760794622145,127.15095472029786,175.98809523809524,0.5881401300254502,0.3240102333441973
228000179,1001,12,동백이마트,37.2760794622145,127.15095472029786,175.98809523809524,0.5881401300254502,0.3240102333441973
228000179,1001,12,동백이마트,37.276312477895615,127.15077822716458,175.98809523809524,0.5881401300254502,0.3240102333441973
228000179,1001,12,동백이마트,37.27631299523912,127.1507766969967,175.98809523809524,0.5881401300254502,0.3240102333441973
228000179,1001,15,신촌마을,37.28090140416685,127.14020697107216,175.98809523809524,0.5881401300254502,0.3240102333441973
228000179,1001,15,신촌마을,37.28085034024687,127.14006027827529,175.98809523809524,0.5881401300254502,0.3240102333441973
228000179,1001,15,신촌마을,37.28090140416685,127.14020697107216,175.98809523809524,0.5881401300254502,0.3240102333441973
228000179,1001,15,신촌마을,37.28090140416685,127.14020697107216,175.98809523809524,0.5881401300254502,0.3240102333441973
228000179,1001,15,신촌마을,37.2808830438238,127.14008509326746,175.98809523809524,0.5881401300254502,0.3240102333441973
228000179,1001,15,신촌마을,37.28085034024687,127.14006027827529,175.98809523809524,0.5881401300254502,0.3240102333441973
228000179,1001,15,신촌마을,37.28090150440744,127.1401653143419,175.98809523809524,0.5881401300254502,0.3240102333441973
228000179,1001,15,신촌마을,37.28066541785572,127.14044996302464,175.98809523809524,0.5881401300254502,0.3240102333441973
228000179,1001,15,신촌마을,37.28066541785572,127.14044996302464,175.98809523809524,0.5881401300254502,0.3240102333441973
228000179,1001,17,법무연수원,37.287691240929966,127.1325904234918,175.98809523809524,0.5881401300254502,0.3240102333441973
228000179,1001,17,법무연수원,37.28770035199576,127.13258708905076,175.98809523809524,0.5881401300254502,0.3240102333441973
228000179,1001,17,법무연수원,37.28774178601951,127.1326644719803,175.98809523809524,0.5881401300254502,0.3240102333441973
228000179,1001,19,경찰대사거리,37.28902899413519,127.12652011921392,175.98809523809524,0.5881401300254502,0.3240102333441973
228000179,1001,19,경찰대사거리,37.28903011554846,127.1265230024426,175.98809523809524,0.5881401300254502,0.3240102333441973
228000179,1001,19,경찰대사거리,37.28902899413519,127.12652011921392,175.98809523809524,0.5881401300254502,0.3240102333441973
228000179,1001,19,경찰대사거리,37.28905717898723,127.12634260520184,175.98809523809524,0.5881401300254502,0.3240102333441973
228000179,1001,20,스파팰리스리가아파트,37.28952938969041,127.12358999021976,175.98809523809524,0.5881401300254502,0.3240102333441973
228000179,1001,20,스파팰리스리가아파트,37.28952938969041,127.12358999021976,175.98809523809524,0.5881401300254502,0.3240102333441973
228000179,1001,20,스파팰리스리가아파트,37.28952938969041,127.12358999021976,175.98809523809524,0.5881401300254502,0.3240102333441973
228000179,1001,20,스파팰리스리가아파트,37.28952938969041,127.12358999021976,175.98809523809524,0.5881401300254502,0.3240102333441973
228000179,1001,21,경기동부보훈지청.동부A,37.29009765967859,127.12132299820176,175.98809523809524,0.5881401300254502,0.3240102333441973
228000179,1001,21,경기동부보훈지청.동부A,37.29009795795418,127.12128604017803,175.98809523809524,0.5881401300254502,0.3240102333441973
228000179,1001,21,경기동부보훈지청.동부A,37.29012099803238,127.12134528837274,175.98809523809524,0.5881401300254502,0.3240102333441973
228000179,1001,21,경기동부보훈지청.동부A,37.29012099172744,127.12134528610711,175.98809523809524,0.5881401300254502,0.3240102333441973
228000179,1001,24,구성초교.구성파출소(마을),37.29216719474858,127.11515737981055,175.98809523809524,0.5881401300254502,0.3240102333441973
228000179,1001,24,구성초교.구성파출소(마을),37.29222205434005,127.11515652511528,175.98809523809524,0.5881401300254502,0.3240102333441973
228000179,1001,24,구성초교.구성파출소(마을),37.29227599355365,127.11519313947012,175.98809523809524,0.5881401300254502,0.3240102333441973
228000179,1001,24,구성초교.구성파출소(마을),37.29224735610526,127.11510584973696,175.98809523809524,0.5881401300254502,0.3240102333441973
228000179,1001,24,구성초교.구성파출소(마을),37.29222205074468,127.11515651608757,175.98809523809524,0.5881401300254502,0.3240102333441973
228000179,1001,24,구성초교.구성파출소(마을),37.29224735610526,127.11510584973696,175.98809523809524,0.5881401300254502,0.3240102333441973
228000179,1001,25,구성초등학교.구성농협,37.29209648584252,127.1137362739838,175.98809523809524,0.5881401300254502,0.3240102333441973
228000179,1001,25,구성초등학교.구성농협,37.29209648584252,127.1137362739838,175.98809523809524,0.5881401300254502,0.3240102333441973
228000179,1001,25,구성초등학교.구성농협,37.29209648584252,127.1137362739838,175.98809523809524,0.5881401300254502,0.3240102333441973
228000179,1001,25,구성초등학교.구성농협,37.29209648584252,127.1137362739838,175.98809523809524,0.5881401300254502,0.3240102333441973
228000179,1001,25,구성초등학교.구성농협,37.2921756051957,127.1134459904013,175.98809523809524,0.5881401300254502,0.3240102333441973
228000179,1001,25,구성초등학교.구성농협,37.29209734500914,127.11348795473472,175.98809523809524,0.5881401300254502,0.3240102333441973
228000179,1001,25,구성초등학교.구성농협,37.29209648584252,127.1137362739838,175.98809523809524,0.5881401300254502,0.3240102333441973
228000179,1001,25,구성초등학교.구성농협,37.29209734500914,127.11348795473472,175.98809523809524,0.5881401300254502,0.3240102333441973
228000179,1001,25,구성초등학교.구성농협,37.29218995910976,127.11371413432082,175.98809523809524,0.5881401300254502,0.3240102333441973
228000179,1001,25,구성초등학교.구성농협,37.29215950724421,127.11366765339066,175.98809523809524,0.5881401300254502,0.3240102333441973
228000179,1001,26,구성삼거리.태영데시앙아파트,37.29223393575796,127.11132303532472,175.98809523809524,0.5881401300254502,0.3240102333441973
228000179,1001,26,구성삼거리.태영데시앙아파트,37.29237625916748,127.1108862301076,175.98809523809524,0.5881401300254502,0.3240102333441973
228000179,1001,26,구성삼거리.태영데시앙아파트,37.29223393575796,127.11132303532472,175.98809523809524,0.5881401300254502,0.3240102333441973
228000179,1001,26,구성삼거리.태영데시앙아파트,37.29223393575796,127.11132303532472,175.98809523809524,0.5881401300254502,0.3240102333441973
228000179,1001,26,구성삼거리.태영데시앙아파트,37.29238760578984,127.11110353286828,175.98809523809524,0.5881401300254502,0.3240102333441973
228000179,1001,26,구성삼거리.태영데시앙아파트,37.292341472708834,127.11114668493798,175.98809523809524,0.5881401300254502,0.3240102333441973
228000179,1001,28,연원마을LG.벽산아파트.구성역,37.29757283384927,127.1061427558647,175.98809523809524,0.5881401300254502,0.3240102333441973
228000179,1001,28,연원마을LG.벽산아파트.구성역,37.29757283384927,127.1061427558647,175.98809523809524,0.5881401300254502,0.3240102333441973
228000179,1001,28,연원마을LG.벽산아파트.구성역,37.29757283384927,127.1061427558647,175.98809523809524,0.5881401300254502,0.3240102333441973
228000179,1001,28,연원마을LG.벽산아파트.구성역,37.29757283384927,127.1061427558647,175.98809523809524,0.5881401300254502,0.3240102333441973
228000179,1001,28,연원마을LG.벽산아파트.구성역,37.29753580549103,127.10613500507918,175.98809523809524,0.5881401300254502,0.3240102333441973
228000179,1001,28,연원마을LG.벽산아파트.구성역,37.29758128352508,127.1061781892523,175.98809523809524,0.5881401300254502,0.3240102333441973
228000179,1001,28,연원마을LG.벽산아파트.구성역,37.29758128352508,127.1061781892523,175.98809523809524,0.5881401300254502,0.3240102333441973
228000179,1001,31,신촌마을2단지.포스홈타운,37.30841882227625,127.1078404149517,175.98809523809524,0.5881401300254502,0.3240102333441973
228000179,1001,31,신촌마을2단지.포스홈타운,37.30823728655042,127.1077686737932,175.98809523809524,0.5881401300254502,0.3240102333441973
228000179,1001,31,신촌마을2단지.포스홈타운,37.30823728655042,127.1077686737932,175.98809523809524,0.5881401300254502,0.3240102333441973
228000179,1001,31,신촌마을2단지.포스홈타운,37.30823728655042,127.1077686737932,175.98809523809524,0.5881401300254502,0.3240102333441973
228000179,1001,31,신촌마을2단지.포스홈타운,37.30823728655042,127.1077686737932,175.98809523809524,0.5881401300254502,0.3240102333441973
228000179,1001,31,신촌마을2단지.포스홈타운,37.30823728655042,127.1077686737932,175.98809523809524,0.5881401300254502,0.3240102333441973
228000179,1001,31,신촌마을2단지.포스홈타운,37.3084107407833,127.10786129885086,175.98809523809524,0.5881401300254502,0.3240102333441973
228000179,1001,31,신촌마을2단지.포스홈타운,37.30823728655042,127.1077686737932,175.98809523809524,0.5881401300254502,0.3240102333441973
228000179,1001,31,신촌마을2단지.포스홈타운,37.3084107407833,127.10786129885086,175.98809523809524,0.5881401300254502,0.3240102333441973
228000179,1001,33,삼성휴먼센터,37.31385477813475,127.10788134873894,175.98809523809524,0.5881401300254502,0.3240102333441973
228000179,1001,33,삼성휴먼센터,37.31418315156955,127.10791195906842,175.98809523809524,0.5881401300254502,0.3240102333441973
228000179,1001,33,삼성휴먼센터,37.31385477813475,127.10788134873894,175.98809523809524,0.5881401300254502,0.3240102333441973
228000179,1001,33,삼성휴먼센터,37.31415929244908,127.10791463580183,175.98809523809524,0.5881401300254502,0.3240102333441973
228000179,1001,33,삼성휴먼센터,37.31385477813475,127.10788134873894,175.98809523809524,0.5881401300254502,0.3240102333441973
228000179,1001,33,삼성휴먼센터,37.31416685753568,127.10787411264197,175.98809523809524,0.5881401300254502,0.3240102333441973
228000179,1001,33,삼성휴먼센터,37.31416685753568,127.10787411264197,175.98809523809524,0.5881401300254502,0.3240102333441973
228000179,1001,37,농수산물센터,37.33414304531283,127.10826858100612,175.98809523809524,0.5881401300254502,0.3240102333441973
228000179,1001,37,농수산물센터,37.33428790010934,127.10841735402958,175.98809523809524,0.5881401300254502,0.3240102333441973
228000179,1001,37,농수산물센터,37.33429251115556,127.1083883211072,175.98809523809524,0.5881401300254502,0.3240102333441973
228000179,1001,37,농수산물센터,37.33428790010934,127.10841735402958,175.98809523809524,0.5881401300254502,0.3240102333441973
228000179,1001,38,오리역,37.33734089283854,127.10825652610112,175.98809523809524,0.5881401300254502,0.3240102333441973
228000179,1001,38,오리역,37.33733341115856,127.10838787770555,175.98809523809524,0.5881401300254502,0.3240102333441973
228000179,1001,38,오리역,37.33733341115856,127.10838787770555,175.98809523809524,0.5881401300254502,0.3240102333441973
228000179,1001,38,오리역,37.33733341115856,127.10838787770555,175.98809523809524,0.5881401300254502,0.3240102333441973
228000179,1001,38,오리역,37.33732738993061,127.10832648915247,175.98809523809524,0.5881401300254502,0.3240102333441973
228000179,1001,38,오리역,37.33733341115856,127.10838787770555,175.98809523809524,0.5881401300254502,0.3240102333441973
228000179,1001,40,까치마을.건영빌라.2001아울렛,37.34434401973527,127.1082501769344,175.98809523809524,0.5881401300254502,0.3240102333441973
228000179,1001,40,까치마을.건영빌라.2001아울렛,37.3447218990014,127.10834206830091,175.98809523809524,0.5881401300254502,0.3240102333441973
228000179,1001,40,까치마을.건영빌라.2001아울렛,37.3447218990014,127.10834206830091,175.98809523809524,0.5881401300254502,0.3240102333441973
228000179,1001,40,까치마을.건영빌라.2001아울렛,37.34434401973527,127.1082501769344,175.98809523809524,0.5881401300254502,0.3240102333441973
228000179,1001,40,까치마을.건영빌라.2001아울렛,37.34434401973527,127.1082501769344,175.98809523809524,0.5881401300254502,0.3240102333441973
228000179,1001,40,까치마을.건영빌라.2001아울렛,37.3447218990014,127.10834206830091,175.98809523809524,0.5881401300254502,0.3240102333441973
228000179,1001,40,까치마을.건영빌라.2001아울렛,37.34473109138423,127.1083577211337,175.98809523809524,0.5881401300254502,0.3240102333441973
228000179,1001,40,까치마을.건영빌라.2001아울렛,37.3447218990014,127.10834206830091,175.98809523809524,0.5881401300254502,0.3240102333441973
228000179,1001,41,미금역,37.34715319614508,127.10994817250445,175.98809523809524,0.5881401300254502,0.3240102333441973
228000179,1001,41,미금역,37.34715319614508,127.10994817250445,175.98809523809524,0.5881401300254502,0.3240102333441973
228000179,1001,41,미금역,37.34713948259729,127.10987822451284,175.98809523809524,0.5881401300254502,0.3240102333441973
228000179,1001,41,미금역,37.34714931017541,127.1099412045099,175.98809523809524,0.5881401300254502,0.3240102333441973
228000179,1001,41,미금역,37.34715637543356,127.10985650993726,175.98809523809524,0.5881401300254502,0.3240102333441973
228000179,1001,45,한진아파트,37.3600158483795,127.11419990327036,175.98809523809524,0.5881401300254502,0.3240102333441973
228000179,1001,45,한진아파트,37.3600158483795,127.11419990327036,175.98809523809524,0.5881401300254502,0.3240102333441973
228000179,1001,45,한진아파트,37.360015150875824,127.11421028145364,175.98809523809524,0.5881401300254502,0.3240102333441973
228000179,1001,45,한진아파트,37.3600158483795,127.11419990327036,175.98809523809524,0.5881401300254502,0.3240102333441973
228000179,1001,46,정자2동행정복지센터,37.3626288659813,127.114158709631,175.98809523809524,0.5881401300254502,0.3240102333441973
228000179,1001,46,정자2동행정복지센터,37.3626288659813,127.114158709631,175.98809523809524,0.5881401300254502,0.3240102333441973
228000179,1001,46,정자2동행정복지센터,37.3626288659813,127.114158709631,175.98809523809524,0.5881401300254502,0.3240102333441973
228000179,1001,46,정자2동행정복지센터,37.3626751107788,127.1141824557982,175.98809523809524,0.5881401300254502,0.3240102333441973
228000179,1001,46,정자2동행정복지센터,37.3626288659813,127.114158709631,175.98809523809524,0.5881401300254502,0.3240102333441973
228000179,1001,46,정자2동행정복지센터,37.3626288659813,127.114158709631,175.98809523809524,0.5881401300254502,0.3240102333441973
228000179,1001,47,판교더샵포레스트11단지,37.36413365432061,127.1140819694792,175.98809523809524,0.5881401300254502,0.3240102333441973
228000179,1001,47,판교더샵포레스트11단지,37.36385533187914,127.1141416198445,175.98809523809524,0.5881401300254502,0.3240102333441973
228000179,1001,47,판교더샵포레스트11단지,37.36385533187914,127.1141416198445,175.98809523809524,0.5881401300254502,0.3240102333441973
228000179,1001,47,판교더샵포레스트11단지,37.364136639993504,127.11417009117386,175.98809523809524,0.5881401300254502,0.3240102333441973
228000179,1001,47,판교더샵포레스트11단지,37.364136639993504,127.11417009117386,175.98809523809524,0.5881401300254502,0.3240102333441973
228000179,1001,47,판교더샵포레스트11단지,37.36414107664518,127.11421489193368,175.98809523809524,0.5881401300254502,0.3240102333441973
228000179,1001,47,판교더샵포레스트11단지,37.36460377668798,127.07034493995084,175.98809523809524,0.5881401300254502,0.3240102333441973
228000179,1001,47,판교더샵포레스트11단지,37.36462879132183,127.07035650026413,175.98809523809524,0.5881401300254502,0.3240102333441973
228000179,1001,47,판교더샵포레스트11단지,37.36462879132183,127.07035650026413,175.98809523809524,0.5881401300254502,0.3240102333441973
228000179,1001,47,판교더샵포레스트11단지,37.36460377668798,127.07034493995084,175.98809523809524,0.5881401300254502,0.3240102333441973
228000179,1001,47,판교더샵포레스트11단지,37.36460377668798,127.07034493995084,175.98809523809524,0.5881401300254502,0.3240102333441973
228000179,1001,51,샛별마을.우방아파트,37.37031991565554,127.1266565059888,175.98809523809524,0.5881401300254502,0.3240102333441973
228000179,1001,51,샛별마을.우방아파트,37.37031991565554,127.1266565059888,175.98809523809524,0.5881401300254502,0.3240102333441973
228000179,1001,51,샛별마을.우방아파트,37.37031991565554,127.1266565059888,175.98809523809524,0.5881401300254502,0.3240102333441973
228000179,1001,51,샛별마을.우방아파트,37.37033557878638,127.12667444869744,175.98809523809524,0.5881401300254502,0.3240102333441973
228000179,1001,51,샛별마을.우방아파트,37.37031991565554,127.1266565059888,175.98809523809524,0.5881401300254502,0.3240102333441973
228000179,1001,53,효자촌,37.37464720248443,127.13271527949996,175.98809523809524,0.5881401300254502,0.3240102333441973
228000179,1001,53,효자촌,37.37464720248443,127.13271527949996,175.98809523809524,0.5881401300254502,0.3240102333441973
228000179,1001,53,효자촌,37.37464720248443,127.13271527949996,175.98809523809524,0.5881401300254502,0.3240102333441973
228000179,1001,53,효자촌,37.37465449574315,127.13270692412084,175.98809523809524,0.5881401300254502,0.3240102333441973
228000179,1001,53,효자촌,37.37464720248443,127.13271527949996,175.98809523809524,0.5881401300254502,0.3240102333441973
228000179,1001,54,서현중학교,37.37850270221208,127.13350113023088,175.98809523809524,0.5881401300254502,0.3240102333441973
228000179,1001,54,서현중학교,37.37850270221208,127.13350113023088,175.98809523809524,0.5881401300254502,0.3240102333441973
228000179,1001,54,서현중학교,37.37846863472826,127.13351049982192,175.98809523809524,0.5881401300254502,0.3240102333441973
228000179,1001,54,서현중학교,37.37852825121464,127.1335206711504,175.98809523809524,0.5881401300254502,0.3240102333441973
228000179,1001,56,이매촌한신.서현역.AK프라자,37.38575751696089,127.12376919097896,175.98809523809524,0.5881401300254502,0.3240102333441973
228000179,1001,56,이매촌한신.서현역.AK프라자,37.38575751696089,127.12376919097896,175.98809523809524,0.5881401300254502,0.3240102333441973
228000179,1001,56,이매촌한신.서현역.AK프라자,37.38575751696089,127.12376919097896,175.98809523809524,0.5881401300254502,0.3240102333441973
228000179,1001,56,이매촌한신.서현역.AK프라자,37.38575751696089,127.12376919097896,175.98809523809524,0.5881401300254502,0.3240102333441973
228000179,1001,56,이매촌한신.서현역.AK프라자,37.38575751696089,127.12376919097896,175.98809523809524,0.5881401300254502,0.3240102333441973
228000179,1001,56,이매촌한신.서현역.AK프라자,37.38575751696089,127.12376919097896,175.98809523809524,0.5881401300254502,0.3240102333441973
228000179,1001,56,이매촌한신.서현역.AK프라자,37.38575751696089,127.12376919097896,175.98809523809524,0.5881401300254502,0.3240102333441973
228000179,1001,56,이매촌한신.서현역.AK프라자,37.38578147809206,127.12376897517063,175.98809523809524,0.5881401300254502,0.3240102333441973
228000179,1001,56,이매촌한신.서현역.AK프라자,37.38575751696089,127.12376919097896,175.98809523809524,0.5881401300254502,0.3240102333441973
228000179,1001,58,백현마을1단지,37.38935661962819,127.11374654918856,175.98809523809524,0.5881401300254502,0.3240102333441973
228000179,1001,58,백현마을1단지,37.38935661962819,127.11374654918856,175.98809523809524,0.5881401300254502,0.3240102333441973
228000179,1001,58,백현마을1단지,37.38935661962819,127.11374654918856,175.98809523809524,0.5881401300254502,0.3240102333441973
228000179,1001,58,백현마을1단지,37.38931195359086,127.11372491486436,175.98809523809524,0.5881401300254502,0.3240102333441973
228000179,1001,58,백현마을1단지,37.38923436601392,127.11374325831258,175.98809523809524,0.5881401300254502,0.3240102333441973
228000179,1001,59,판교역북편,37.39354940900593,127.11043727301292,175.98809523809524,0.5881401300254502,0.3240102333441973
228000179,1001,59,판교역북편,37.39354940900593,127.11043727301292,175.98809523809524,0.5881401300254502,0.3240102333441973
228000179,1001,59,판교역북편,37.39358321174948,127.11033437709192,175.98809523809524,0.5881401300254502,0.3240102333441973
228000179,1001,59,판교역북편,37.39363976896678,127.11044047376387,175.98809523809524,0.5881401300254502,0.3240102333441973
228000179,1001,59,판교역북편,37.39357586126735,127.11040671911034,175.98809523809524,0.5881401300254502,0.3240102333441973
228000179,1001,60,동안교,37.39464932554164,127.1090547726132,175.98809523809524,0.5881401300254502,0.3240102333441973
228000179,1001,60,동안교,37.39475334014052,127.109018604053,175.98809523809524,0.5881401300254502,0.3240102333441973
228000179,1001,60,동안교,37.39475334014052,127.109018604053,175.98809523809524,0.5881401300254502,0.3240102333441973
228000179,1001,60,동안교,37.39461696319211,127.10907175911711,175.98809523809524,0.5881401300254502,0.3240102333441973
228000179,1001,60,동안교,37.3946564110194,127.10910768771484,175.98809523809524,0.5881401300254502,0.3240102333441973
228000179,1001,60,동안교,37.3945278257666,127.10910815520204,175.98809523809524,0.5881401300254502,0.3240102333441973
228000179,1001,62,H스퀘어.삼환하이펙스,37.39905259113919,127.1090338187406,175.98809523809524,0.5881401300254502,0.3240102333441973
228000179,1001,62,H스퀘어.삼환하이펙스,37.39905259113919,127.1090338187406,175.98809523809524,0.5881401300254502,0.3240102333441973
228000179,1001,62,H스퀘어.삼환하이펙스,37.39905259113919,127.1090338187406,175.98809523809524,0.5881401300254502,0.3240102333441973
228000179,1001,62,H스퀘어.삼환하이펙스,37.39905259113919,127.1090338187406,175.98809523809524,0.5881401300254502,0.3240102333441973
228000179,1001,62,H스퀘어.삼환하이펙스,37.39887626342085,127.1090242907856,175.98809523809524,0.5881401300254502,0.3240102333441973
228000179,1001,62,H스퀘어.삼환하이펙스,37.3990527247922,127.1090838996912,175.98809523809524,0.5881401300254502,0.3240102333441973
228000179,1001,62,H스퀘어.삼환하이펙스,37.399052708958166,127.10909227286967,175.98809523809524,0.5881401300254502,0.3240102333441973
228000179,1001,62,H스퀘어.삼환하이펙스,37.39905269995319,127.10909226720976,175.98809523809524,0.5881401300254502,0.3240102333441973
228000179,1001,63,봇들육교,37.40061833458922,127.1068695611564,175.98809523809524,0.5881401300254502,0.3240102333441973
228000179,1001,63,봇들육교,37.40061833458922,127.1068695611564,175.98809523809524,0.5881401300254502,0.3240102333441973
228000179,1001,63,봇들육교,37.400609823015714,127.1068977581041,175.98809523809524,0.5881401300254502,0.3240102333441973
228000179,1001,63,봇들육교,37.400609823015714,127.1068977581041,175.98809523809524,0.5881401300254502,0.3240102333441973
228000179,1001,63,봇들육교,37.40064024150218,127.10694685796892,175.98809523809524,0.5881401300254502,0.3240102333441973
228000179,1001,63,봇들육교,37.40060982328602,127.10689775810448,175.98809523809524,0.5881401300254502,0.3240102333441973
228000179,1001,63,봇들육교,37.4006371668887,127.10692032284432,175.98809523809524,0.5881401300254502,0.3240102333441973
228000179,1001,65,판교제2테크노밸리,37.40815772739213,127.09885173113248,175.98809523809524,0.5881401300254502,0.3240102333441973
228000179,1001,65,판교제2테크노밸리,37.40815772739213,127.09885173113248,175.98809523809524,0.5881401300254502,0.3240102333441973
228000179,1001,65,판교제2테크노밸리,37.40816285075103,127.09885455690475,175.98809523809524,0.5881401300254502,0.3240102333441973
228000179,1001,65,판교제2테크노밸리,37.4081577272121,127.09885173090636,175.98809523809524,0.5881401300254502,0.3240102333441973
228000179,1001,65,판교제2테크노밸리,37.4081577272121,127.09885173090636,175.98809523809524,0.5881401300254502,0.3240102333441973
228000179,1001,65,판교제2테크노밸리,37.408606145922654,127.0989744020522,175.98809523809524,0.5881401300254502,0.3240102333441973
228000179,1001,65,판교제2테크노밸리,37.408606145922654,127.0989744020522,175.98809523809524,0.5881401300254502,0.3240102333441973
228000179,1001,68,시흥사거리.고등공공주택지구,37.42213701567647,127.10166104176464,175.98809523809524,0.5881401300254502,0.3240102333441973
228000179,1001,68,시흥사거리.고등공공주택지구,37.42289150767025,127.1017891569841,175.98809523809524,0.5881401300254502,0.3240102333441973
228000179,1001,68,시흥사거리.고등공공주택지구,37.42289150767025,127.1017891569841,175.98809523809524,0.5881401300254502,0.3240102333441973
228000179,1001,68,시흥사거리.고등공공주택지구,37.42213701567647,127.10166104176464,175.98809523809524,0.5881401300254502,0.3240102333441973
228000179,1001,68,시흥사거리.고등공공주택지구,37.42207945021292,127.10171172464884,175.98809523809524,0.5881401300254502,0.3240102333441973
228000179,1001,68,시흥사거리.고등공공주택지구,37.42212737143461,127.10166808385024,175.98809523809524,0.5881401300254502,0.3240102333441973
228000179,1001,68,시흥사거리.고등공공주택지구,37.42194881783414,127.10171292734756,175.98809523809524,0.5881401300254502,0.3240102333441973
228000179,1001,68,시흥사거리.고등공공주택지구,37.42212737143461,127.10166808385024,175.98809523809524,0.5881401300254502,0.3240102333441973
228000179,1001,68,시흥사거리.고등공공주택지구,37.42194881152994,127.10171292394983,175.98809523809524,0.5881401300254502,0.3240102333441973
228000179,1001,70,등자리,37.43245927715281,127.10297718547288,175.98809523809524,0.5881401300254502,0.3240102333441973
228000179,1001,70,등자리,37.43245927715281,127.10297718547288,175.98809523809524,0.5881401300254502,0.3240102333441973
228000179,1001,70,등자리,37.43191345853863,127.10290599709742,175.98809523809524,0.5881401300254502,0.3240102333441973
228000179,1001,70,등자리,37.43245927715281,127.10297718547288,175.98809523809524,0.5881401300254502,0.3240102333441973
228000179,1001,71,공군부대제2정문.면회실,37.43530608343684,127.1030717326089,175.98809523809524,0.5881401300254502,0.3240102333441973
228000179,1001,71,공군부대제2정문.면회실,37.43525664804714,127.10314403274624,175.98809523809524,0.5881401300254502,0.3240102333441973
228000179,1001,71,공군부대제2정문.면회실,37.43531543480668,127.10325962193018,175.98809523809524,0.5881401300254502,0.3240102333441973
228000179,1001,72,공군아파트,37.44391968298975,127.10355791541664,175.98809523809524,0.5881401300254502,0.3240102333441973
228000179,1001,72,공군아파트,37.44391968298975,127.10355791541664,175.98809523809524,0.5881401300254502,0.3240102333441973
228000179,1001,72,공군아파트,37.4429599819914,127.10330765471949,175.98809523809524,0.5881401300254502,0.3240102333441973
228000179,1001,72,공군아파트,37.44391968298975,127.10355791541664,175.98809523809524,0.5881401300254502,0.3240102333441973
228000179,1001,73,효성고등학교,37.447153053268806,127.10499759877771,175.98809523809524,0.5881401300254502,0.3240102333441973
228000179,1001,73,효성고등학교,37.447153053268806,127.10499759877771,175.98809523809524,0.5881401300254502,0.3240102333441973
228000179,1001,73,효성고등학교,37.44719545585628,127.1050209494065,175.98809523809524,0.5881401300254502,0.3240102333441973
228000179,1001,73,효성고등학교,37.447153053268806,127.10499759877771,175.98809523809524,0.5881401300254502,0.3240102333441973
228000179,1001,73,효성고등학교,37.44719545585628,127.1050209494065,175.98809523809524,0.5881401300254502,0.3240102333441973
228000179,1001,75,신촌동앞,37.45708944073962,127.10698942496262,175.98809523809524,0.5881401300254502,0.3240102333441973
228000179,1001,75,신촌동앞,37.45708944073962,127.10698942496262,175.98809523809524,0.5881401300254502,0.3240102333441973
228000179,1001,75,신촌동앞,37.45709586683825,127.1070201859408,175.98809523809524,0.5881401300254502,0.3240102333441973
228000179,1001,75,신촌동앞,37.45708944073962,127.10698942496262,175.98809523809524,0.5881401300254502,0.3240102333441973
228000179,1001,106,신촌동앞,37.456297010253145,127.10647968931964,175.98809523809524,0.5881401300254502,0.3240102333441973
228000179,1001,106,신촌동앞,37.456297010253145,127.10647968931964,175.98809523809524,0.5881401300254502,0.3240102333441973
228000179,1001,106,신촌동앞,37.45641597933772,127.10650834227398,175.98809523809524,0.5881401300254502,0.3240102333441973
228000179,1001,106,신촌동앞,37.456297010253145,127.10647968931964,175.98809523809524,0.5881401300254502,0.3240102333441973
228000179,1001,109,공군아파트,37.44297423080246,127.10285598951326,175.98809523809524,0.5881401300254502,0.3240102333441973
228000179,1001,109,공군아파트,37.44297423080246,127.10285598951326,175.98809523809524,0.5881401300254502,0.3240102333441973
228000179,1001,109,공군아파트,37.44305517958864,127.1028561669914,175.98809523809524,0.5881401300254502,0.3240102333441973
228000179,1001,109,공군아파트,37.44297423080246,127.10285598951326,175.98809523809524,0.5881401300254502,0.3240102333441973
228000179,1001,111,등자리,37.43182901825316,127.1024565821744,175.98809523809524,0.5881401300254502,0.3240102333441973
228000179,1001,111,등자리,37.43182901825316,127.1024565821744,175.98809523809524,0.5881401300254502,0.3240102333441973
228000179,1001,111,등자리,37.43191346620117,127.10248960136704,175.98809523809524,0.5881401300254502,0.3240102333441973
228000179,1001,111,등자리,37.43182901825316,127.1024565821744,175.98809523809524,0.5881401300254502,0.3240102333441973
228000179,1001,112,성남농협대왕지점.고등동우체국,37.42554124142488,127.10092281738469,175.98809523809524,0.5881401300254502,0.3240102333441973
228000179,1001,112,성남농협대왕지점.고등동우체국,37.42554124142488,127.10092281738469,175.98809523809524,0.5881401300254502,0.3240102333441973
228000179,1001,112,성남농협대왕지점.고등동우체국,37.42554163331594,127.10090282315478,175.98809523809524,0.5881401300254502,0.3240102333441973
228000179,1001,112,성남농협대왕지점.고등동우체국,37.42554124142488,127.10092281738469,175.98809523809524,0.5881401300254502,0.3240102333441973
228000179,1001,112,성남농협대왕지점.고등동우체국,37.42554124142488,127.10092281738469,175.98809523809524,0.5881401300254502,0.3240102333441973
228000179,1001,112,성남농협대왕지점.고등동우체국,37.42554124142488,127.10092281738469,175.98809523809524,0.5881401300254502,0.3240102333441973
228000179,1001,113,시흥사거리.고등공공주택지구,37.42209903037676,127.1013023033103,175.98809523809524,0.5881401300254502,0.3240102333441973
228000179,1001,113,시흥사거리.고등공공주택지구,37.42209903037676,127.1013023033103,175.98809523809524,0.5881401300254502,0.3240102333441973
228000179,1001,113,시흥사거리.고등공공주택지구,37.42211514991306,127.10134291711698,175.98809523809524,0.5881401300254502,0.3240102333441973
228000179,1001,113,시흥사거리.고등공공주택지구,37.42209903037676,127.1013023033103,175.98809523809524,0.5881401300254502,0.3240102333441973
228000179,1001,113,시흥사거리.고등공공주택지구,37.421875538189056,127.10127409476875,175.98809523809524,0.5881401300254502,0.3240102333441973
228000179,1001,113,시흥사거리.고등공공주택지구,37.421875538189056,127.10127409476875,175.98809523809524,0.5881401300254502,0.3240102333441973
228000179,1001,113,시흥사거리.고등공공주택지구,37.42209903037676,127.1013023033103,175.98809523809524,0.5881401300254502,0.3240102333441973
228000179,1001,113,시흥사거리.고등공공주택지구,37.42187553008668,127.1012740868498,175.98809523809524,0.5881401300254502,0.3240102333441973
228000179,1001,114,시흥사거리,37.41800620208183,127.10124877964012,175.98809523809524,0.5881401300254502,0.3240102333441973
228000179,1001,114,시흥사거리,37.41817283554679,127.10119989769166,175.98809523809524,0.5881401300254502,0.3240102333441973
228000179,1001,114,시흥사거리,37.41817283554679,127.10119989769166,175.98809523809524,0.5881401300254502,0.3240102333441973
228000179,1001,114,시흥사거리,37.41796852850669,127.10121533952956,175.98809523809524,0.5881401300254502,0.3240102333441973
228000179,1001,114,시흥사거리,37.41799655850876,127.10121192048754,175.98809523809524,0.5881401300254502,0.3240102333441973
228000179,1001,114,시흥사거리,37.41803637336727,127.10116272181578,175.98809523809524,0.5881401300254502,0.3240102333441973
228000179,1001,115,나라기록관.코이카,37.41285775245043,127.10022522361864,175.98809523809524,0.5881401300254502,0.3240102333441973
228000179,1001,115,나라기록관.코이카,37.4131941910746,127.1003872841606,175.98809523809524,0.5881401300254502,0.3240102333441973
228000179,1001,115,나라기록관.코이카,37.41320194299768,127.1007537653163,175.98809523809524,0.5881401300254502,0.3240102333441973
228000179,1001,115,나라기록관.코이카,37.41325631156789,127.1003923692279,175.98809523809524,0.5881401300254502,0.3240102333441973
228000179,1001,115,나라기록관.코이카,37.41285775245043,127.10022522361864,175.98809523809524,0.5881401300254502,0.3240102333441973
228000179,1001,115,나라기록관.코이카,37.41285262729612,127.10021584349964,175.98809523809524,0.5881401300254502,0.3240102333441973
228000179,1001,115,나라기록관.코이카,37.41285262729612,127.10021584349964,175.98809523809524,0.5881401300254502,0.3240102333441973
228000179,1001,115,나라기록관.코이카,37.41285262729612,127.10021584349964,175.98809523809524,0.5881401300254502,0.3240102333441973
228000179,1001,115,나라기록관.코이카,37.41286335654082,127.10021701324554,175.98809523809524,0.5881401300254502,0.3240102333441973
228000179,1001,115,나라기록관.코이카,37.41285262729612,127.10021584349964,175.98809523809524,0.5881401300254502,0.3240102333441973
228000179,1001,115,나라기록관.코이카,37.41286335654072,127.1002170133585,175.98809523809524,0.5881401300254502,0.3240102333441973
228000179,1001,115,나라기록관.코이카,37.41265493924802,127.10024235900356,175.98809523809524,0.5881401300254502,0.3240102333441973
228000179,1001,115,나라기록관.코이카,37.41286335654082,127.10021701324554,175.98809523809524,0.5881401300254502,0.3240102333441973
228000179,1001,118,H스퀘어.삼환하이펙스,37.39910765240907,127.10881564713988,175.98809523809524,0.5881401300254502,0.3240102333441973
228000179,1001,118,H스퀘어.삼환하이펙스,37.39910765240907,127.10881564713988,175.98809523809524,0.5881401300254502,0.3240102333441973
228000179,1001,118,H스퀘어.삼환하이펙스,37.39910765240907,127.10881564713988,175.98809523809524,0.5881401300254502,0.3240102333441973
228000179,1001,118,H스퀘어.삼환하이펙스,37.39904283255865,127.1087982512534,175.98809523809524,0.5881401300254502,0.3240102333441973
228000179,1001,118,H스퀘어.삼환하이펙스,37.3991144255009,127.1087301109556,175.98809523809524,0.5881401300254502,0.3240102333441973
228000179,1001,118,H스퀘어.삼환하이펙스,37.39912480362404,127.10869367402748,175.98809523809524,0.5881401300254502,0.3240102333441973
228000179,1001,118,H스퀘어.삼환하이펙스,37.39912479732302,127.10869366735504,175.98809523809524,0.5881401300254502,0.3240102333441973
228000179,1001,119,엔씨소프트.안랩,37.39676446288394,127.10871233971808,175.98809523809524,0.5881401300254502,0.3240102333441973
228000179,1001,119,엔씨소프트.안랩,37.39676446288394,127.10871233971808,175.98809523809524,0.5881401300254502,0.3240102333441973
228000179,1001,119,엔씨소프트.안랩,37.39676446288394,127.10871233971808,175.98809523809524,0.5881401300254502,0.3240102333441973
228000179,1001,119,엔씨소프트.안랩,37.39676446288394,127.10871233971808,175.98809523809524,0.5881401300254502,0.3240102333441973
228000179,1001,119,엔씨소프트.안랩,37.39673452881406,127.10870888123884,175.98809523809524,0.5881401300254502,0.3240102333441973
228000179,1001,119,엔씨소프트.안랩,37.39676782982284,127.10868322662368,175.98809523809524,0.5881401300254502,0.3240102333441973
228000179,1001,119,엔씨소프트.안랩,37.39674242830988,127.10869293729893,175.98809523809524,0.5881401300254502,0.3240102333441973
228000179,1001,122,판교역동편,37.39228262667509,127.11207406293084,175.98809523809524,0.5881401300254502,0.3240102333441973
228000179,1001,122,판교역동편,37.39228262667509,127.11207406293084,175.98809523809524,0.5881401300254502,0.3240102333441973
228000179,1001,122,판교역동편,37.39225202508474,127.11208622618972,175.98809523809524,0.5881401300254502,0.3240102333441973
228000179,1001,122,판교역동편,37.39264666799734,127.11198379627125,175.98809523809524,0.5881401300254502,0.3240102333441973
228000179,1001,122,판교역동편,37.39230403776051,127.1120935434201,175.98809523809524,0.5881401300254502,0.3240102333441973
228000179,1001,122,판교역동편,37.39264666799734,127.11198379627125,175.98809523809524,0.5881401300254502,0.3240102333441973
228000179,1001,123,백현마을4단지,37.38906253778909,127.11665342394728,175.98809523809524,0.5881401300254502,0.3240102333441973
228000179,1001,123,백현마을4단지,37.3891210699322,127.11664364586358,175.98809523809524,0.5881401300254502,0.3240102333441973
228000179,1001,123,백현마을4단지,37.3890820308473,127.11401365790712,175.98809523809524,0.5881401300254502,0.3240102333441973
228000179,1001,123,백현마을4단지,37.38906253778909,127.11665342394728,175.98809523809524,0.5881401300254502,0.3240102333441973
228000179,1001,123,백현마을4단지,37.38904206518313,127.1148284634844,175.98809523809524,0.5881401300254502,0.3240102333441973
228000179,1001,123,백현마을4단지,37.38906257289476,127.1138672243704,175.98809523809524,0.5881401300254502,0.3240102333441973
228000179,1001,123,백현마을4단지,37.38896690655189,127.1148432270798,175.98809523809524,0.5881401300254502,0.3240102333441973
228000179,1001,123,백현마을4단지,37.38895829415009,127.11484737852648,175.98809523809524,0.5881401300254502,0.3240102333441973
228000179,1001,124,백현마을3단지,37.38915942965792,127.11747554619124,175.98809523809524,0.5881401300254502,0.3240102333441973
228000179,1001,124,백현마을3단지,37.38889815562605,127.11881705788804,175.98809523809524,0.5881401300254502,0.3240102333441973
228000179,1001,124,백현마을3단지,37.38910436930711,127.11739501036946,175.98809523809524,0.5881401300254502,0.3240102333441973
228000179,1001,124,백현마을3단지,37.38912152713656,127.11747247844808,175.98809523809524,0.5881401300254502,0.3240102333441973
228000179,1001,124,백현마을3단지,37.38904726282535,127.11739558643944,175.98809523809524,0.5881401300254502,0.3240102333441973
228000179,1001,126,새마을연수원입구,37.38150018720509,127.12799636971572,175.98809523809524,0.5881401300254502,0.3240102333441973
228000179,1001,126,새마을연수원입구,37.38150018720509,127.12799636971572,175.98809523809524,0.5881401300254502,0.3240102333441973
228000179,1001,126,새마을연수원입구,37.38156892037078,127.12807258660116,175.98809523809524,0.5881401300254502,0.3240102333441973
228000179,1001,126,새마을연수원입구,37.38155343070228,127.1280577677317,175.98809523809524,0.5881401300254502,0.3240102333441973
228000179,1001,126,새마을연수원입구,37.3815453936576,127.12806600901943,175.98809523809524,0.5881401300254502,0.3240102333441973
228000179,1001,126,새마을연수원입구,37.38160608816861,127.12800880851049,175.98809523809524,0.5881401300254502,0.3240102333441973
228000179,1001,130,중앙공원.샛별마을우방아파트,37.36979866909526,127.12539121893556,175.98809523809524,0.5881401300254502,0.3240102333441973
228000179,1001,130,중앙공원.샛별마을우방아파트,37.36979866909526,127.12539121893556,175.98809523809524,0.5881401300254502,0.3240102333441973
228000179,1001,130,중앙공원.샛별마을우방아파트,37.36979866909526,127.12539121893556,175.98809523809524,0.5881401300254502,0.3240102333441973
228000179,1001,130,중앙공원.샛별마을우방아파트,37.369812112360265,127.12541334705224,175.98809523809524,0.5881401300254502,0.3240102333441973
228000179,1001,130,중앙공원.샛별마을우방아파트,37.36979866909526,127.12539121893556,175.98809523809524,0.5881401300254502,0.3240102333441973
228000179,1001,131,분당중앙공원,37.37105365229851,127.122954760532,175.98809523809524,0.5881401300254502,0.3240102333441973
228000179,1001,131,분당중앙공원,37.37102840068915,127.12296812229346,175.98809523809524,0.5881401300254502,0.3240102333441973
228000179,1001,131,분당중앙공원,37.37110545186778,127.12303396695071,175.98809523809524,0.5881401300254502,0.3240102333441973
228000179,1001,133,주공7단지앞,37.36647655839448,127.11383716112312,175.98809523809524,0.5881401300254502,0.3240102333441973
228000179,1001,133,주공7단지앞,37.36647655839448,127.11383716112312,175.98809523809524,0.5881401300254502,0.3240102333441973
228000179,1001,133,주공7단지앞,37.36647655839448,127.11383716112312,175.98809523809524,0.5881401300254502,0.3240102333441973
228000179,1001,133,주공7단지앞,37.36649420975808,127.11382565280454,175.98809523809524,0.5881401300254502,0.3240102333441973
228000179,1001,133,주공7단지앞,37.36647655839448,127.11383716112312,175.98809523809524,0.5881401300254502,0.3240102333441973
228000179,1001,135,정자2동행정복지센터,37.36270118742762,127.11391047614848,175.98809523809524,0.5881401300254502,0.3240102333441973
228000179,1001,135,정자2동행정복지센터,37.36270118742762,127.11391047614848,175.98809523809524,0.5881401300254502,0.3240102333441973
228000179,1001,135,정자2동행정복지센터,37.362660247405685,127.1138787381286,175.98809523809524,0.5881401300254502,0.3240102333441973
228000179,1001,135,정자2동행정복지센터,37.36270118742762,127.11391047614848,175.98809523809524,0.5881401300254502,0.3240102333441973
228000179,1001,135,정자2동행정복지센터,37.36270118742762,127.11391047614848,175.98809523809524,0.5881401300254502,0.3240102333441973
228000179,1001,136,한솔프라자,37.359808938908806,127.1138609531543,175.98809523809524,0.5881401300254502,0.3240102333441973
228000179,1001,136,한솔프라자,37.359808938908806,127.1138609531543,175.98809523809524,0.5881401300254502,0.3240102333441973
228000179,1001,136,한솔프라자,37.359808938908806,127.1138609531543,175.98809523809524,0.5881401300254502,0.3240102333441973
228000179,1001,136,한솔프라자,37.359824797342746,127.1138652619948,175.98809523809524,0.5881401300254502,0.3240102333441973
228000179,1001,136,한솔프라자,37.359808938908806,127.1138609531543,175.98809523809524,0.5881401300254502,0.3240102333441973
228000179,1001,138,이마트앞,37.35567808978948,127.11808743865524,175.98809523809524,0.5881401300254502,0.3240102333441973
228000179,1001,138,이마트앞,37.35567808978948,127.11808743865524,175.98809523809524,0.5881401300254502,0.3240102333441973
228000179,1001,138,이마트앞,37.3555713849819,127.11812414243133,175.98809523809524,0.5881401300254502,0.3240102333441973
228000179,1001,138,이마트앞,37.35565971501868,127.11807672083005,175.98809523809524,0.5881401300254502,0.3240102333441973
228000179,1001,138,이마트앞,37.3555713849819,127.11812414243133,175.98809523809524,0.5881401300254502,0.3240102333441973
228000179,1001,141,미금역.농협.2001아울렛,37.34747752418493,127.10999378958792,175.98809523809524,0.5881401300254502,0.3240102333441973
228000179,1001,141,미금역.농협.2001아울렛,37.347436917941664,127.10999720306592,175.98809523809524,0.5881401300254502,0.3240102333441973
228000179,1001,141,미금역.농협.2001아울렛,37.347455928358,127.11000537931758,175.98809523809524,0.5881401300254502,0.3240102333441973
228000179,1001,141,미금역.농협.2001아울렛,37.34745663826715,127.10974840957716,175.98809523809524,0.5881401300254502,0.3240102333441973
228000179,1001,143,하얀마을,37.34132541348696,127.10790835435829,175.98809523809524,0.5881401300254502,0.3240102333441973
228000179,1001,143,하얀마을,37.34132541348696,127.10790835435829,175.98809523809524,0.5881401300254502,0.3240102333441973
228000179,1001,143,하얀마을,37.34132541348696,127.10790835435829,175.98809523809524,0.5881401300254502,0.3240102333441973
228000179,1001,143,하얀마을,37.34134772715026,127.10792453529632,175.98809523809524,0.5881401300254502,0.3240102333441973
228000179,1001,143,하얀마을,37.34132541348696,127.10790835435829,175.98809523809524,0.5881401300254502,0.3240102333441973
228000179,1001,144,오리역,37.3374960193942,127.10792544492398,175.98809523809524,0.5881401300254502,0.3240102333441973
228000179,1001,144,오리역,37.3374960193942,127.10792544492398,175.98809523809524,0.5881401300254502,0.3240102333441973
228000179,1001,144,오리역,37.33746914794832,127.10793632314316,175.98809523809524,0.5881401300254502,0.3240102333441973
228000179,1001,144,오리역,37.33749286146987,127.10801212603774,175.98809523809524,0.5881401300254502,0.3240102333441973
228000179,1001,145,농수산물센터,37.3343423849356,127.10795478523558,175.98809523809524,0.5881401300254502,0.3240102333441973
228000179,1001,145,농수산물센터,37.3343423849356,127.10795478523558,175.98809523809524,0.5881401300254502,0.3240102333441973
228000179,1001,145,농수산물센터,37.3344459793231,127.108070689188,175.98809523809524,0.5881401300254502,0.3240102333441973
228000179,1001,145,농수산물센터,37.3343423849356,127.10795478523558,175.98809523809524,0.5881401300254502,0.3240102333441973
228000179,1001,145,농수산물센터,37.33431631418116,127.10797192566964,175.98809523809524,0.5881401300254502,0.3240102333441973
228000179,1001,145,농수산물센터,37.3343423849356,127.10795478523558,175.98809523809524,0.5881401300254502,0.3240102333441973
228000179,1001,149,삼성휴먼센터,37.31360138705548,127.10764506705593,175.98809523809524,0.5881401300254502,0.3240102333441973
228000179,1001,149,삼성휴먼센터,37.31344776402047,127.1075977520686,175.98809523809524,0.5881401300254502,0.3240102333441973
228000179,1001,149,삼성휴먼센터,37.31344776402047,127.1075977520686,175.98809523809524,0.5881401300254502,0.3240102333441973
228000179,1001,149,삼성휴먼센터,37.31344776402047,127.1075977520686,175.98809523809524,0.5881401300254502,0.3240102333441973
228000179,1001,149,삼성휴먼센터,37.31360138705548,127.10764506705593,175.98809523809524,0.5881401300254502,0.3240102333441973
228000179,1001,149,삼성휴먼센터,37.31360138705548,127.10764506705593,175.98809523809524,0.5881401300254502,0.3240102333441973
228000179,1001,149,삼성휴먼센터,37.31402660299118,127.1075975188952,175.98809523809524,0.5881401300254502,0.3240102333441973
228000179,1001,149,삼성휴먼센터,37.313522847285824,127.107590720486,175.98809523809524,0.5881401300254502,0.3240102333441973
228000179,1001,149,삼성휴먼센터,37.31409716987434,127.10748482477612,175.98809523809524,0.5881401300254502,0.3240102333441973
228000179,1001,149,삼성휴먼센터,37.31409716987434,127.10748482477612,175.98809523809524,0.5881401300254502,0.3240102333441973
228000179,1001,151,신촌마을2단지.포스홈타운,37.30798525202351,127.10759803897275,175.98809523809524,0.5881401300254502,0.3240102333441973
228000179,1001,151,신촌마을2단지.포스홈타운,37.307933511039984,127.10751093319206,175.98809523809524,0.5881401300254502,0.3240102333441973
228000179,1001,151,신촌마을2단지.포스홈타운,37.307933511039984,127.10751093319206,175.98809523809524,0.5881401300254502,0.3240102333441973
228000179,1001,151,신촌마을2단지.포스홈타운,37.30798525202351,127.10759803897275,175.98809523809524,0.5881401300254502,0.3240102333441973
228000179,1001,151,신촌마을2단지.포스홈타운,37.30798525202351,127.10759803897275,175.98809523809524,0.5881401300254502,0.3240102333441973
228000179,1001,151,신촌마을2단지.포스홈타운,37.30798525202351,127.10759803897275,175.98809523809524,0.5881401300254502,0.3240102333441973
228000179,1001,151,신촌마을2단지.포스홈타운,37.30798525202351,127.10759803897275,175.98809523809524,0.5881401300254502,0.3240102333441973
228000179,1001,151,신촌마을2단지.포스홈타운,37.30798525202351,127.10759803897275,175.98809523809524,0.5881401300254502,0.3240102333441973
228000179,1001,151,신촌마을2단지.포스홈타운,37.30797267063238,127.10760840982256,175.98809523809524,0.5881401300254502,0.3240102333441973
228000179,1001,151,신촌마을2단지.포스홈타운,37.307933511039984,127.10751093319206,175.98809523809524,0.5881401300254502,0.3240102333441973
228000179,1001,153,금호아파트.성원아파트,37.30026047931801,127.10488064499444,175.98809523809524,0.5881401300254502,0.3240102333441973
228000179,1001,153,금호아파트.성원아파트,37.30013302017815,127.10474776209726,175.98809523809524,0.5881401300254502,0.3240102333441973
228000179,1001,153,금호아파트.성원아파트,37.30013302017815,127.10474776209726,175.98809523809524,0.5881401300254502,0.3240102333441973
228000179,1001,153,금호아파트.성원아파트,37.30013302017815,127.10474776209726,175.98809523809524,0.5881401300254502,0.3240102333441973
228000179,1001,153,금호아파트.성원아파트,37.30013302017815,127.10474776209726,175.98809523809524,0.5881401300254502,0.3240102333441973
228000179,1001,153,금호아파트.성원아파트,37.30025312789724,127.10480624212376,175.98809523809524,0.5881401300254502,0.3240102333441973
228000179,1001,153,금호아파트.성원아파트,37.30013837517466,127.10485953503314,175.98809523809524,0.5881401300254502,0.3240102333441973
228000179,1001,160,경기동부보훈지청.동부A,37.28992649747751,127.12128889106042,175.98809523809524,0.5881401300254502,0.3240102333441973
228000179,1001,160,경기동부보훈지청.동부A,37.28992649747751,127.12128889106042,175.98809523809524,0.5881401300254502,0.3240102333441973
228000179,1001,160,경기동부보훈지청.동부A,37.29001388293804,127.12121136465682,175.98809523809524,0.5881401300254502,0.3240102333441973
228000179,1001,160,경기동부보훈지청.동부A,37.28996708641074,127.12122655135128,175.98809523809524,0.5881401300254502,0.3240102333441973
228000179,1001,160,경기동부보훈지청.동부A,37.29003935467672,127.12118114697992,175.98809523809524,0.5881401300254502,0.3240102333441973
228000179,1001,160,경기동부보훈지청.동부A,37.29003935467672,127.12118114697992,175.98809523809524,0.5881401300254502,0.3240102333441973
228000179,1001,162,경찰대사거리,37.28890318616507,127.12620414460092,175.98809523809524,0.5881401300254502,0.3240102333441973
228000179,1001,162,경찰대사거리,37.28890318616507,127.12620414460092,175.98809523809524,0.5881401300254502,0.3240102333441973
228000179,1001,162,경찰대사거리,37.28888735114706,127.12620177811736,175.98809523809524,0.5881401300254502,0.3240102333441973
228000179,1001,162,경찰대사거리,37.28897169102883,127.1262144142214,175.98809523809524,0.5881401300254502,0.3240102333441973
228000179,1001,162,경찰대사거리,37.288956847662654,127.12610674203324,175.98809523809524,0.5881401300254502,0.3240102333441973
228000179,1001,162,경찰대사거리,37.288956847662654,127.12610674203324,175.98809523809524,0.5881401300254502,0.3240102333441973
228000179,1001,164,법무연수원,37.287787102394255,127.13225090226004,175.98809523809524,0.5881401300254502,0.3240102333441973
228000179,1001,164,법무연수원,37.2877836413214,127.1322301802522,175.98809523809524,0.5881401300254502,0.3240102333441973
228000179,1001,164,법무연수원,37.28785718750625,127.13234236525476,175.98809523809524,0.5881401300254502,0.3240102333441973
228000179,1001,165,광도와이드빌사거리,37.28536872241337,127.13648264365273,175.98809523809524,0.5881401300254502,0.3240102333441973
228000179,1001,165,광도와이드빌사거리,37.28537301001865,127.13649943120951,175.98809523809524,0.5881401300254502,0.3240102333441973
228000179,1001,165,광도와이드빌사거리,37.2853684244705,127.13655503988592,175.98809523809524,0.5881401300254502,0.3240102333441973
228000179,1001,165,광도와이드빌사거리,37.2853684244705,127.13655503988592,175.98809523809524,0.5881401300254502,0.3240102333441973
228000179,1001,166,신촌마을,37.28050068280861,127.14033972240422,175.98809523809524,0.5881401300254502,0.3240102333441973
228000179,1001,166,신촌마을,37.28046266740636,127.14025125230938,175.98809523809524,0.5881401300254502,0.3240102333441973
228000179,1001,166,신촌마을,37.28050068280861,127.14033972240422,175.98809523809524,0.5881401300254502,0.3240102333441973
228000179,1001,166,신촌마을,37.28050068280861,127.14033972240422,175.98809523809524,0.5881401300254502,0.3240102333441973
228000179,1001,166,신촌마을,37.28050232217687,127.14020405339294,175.98809523809524,0.5881401300254502,0.3240102333441973
228000179,1001,166,신촌마을,37.2806252718009,127.14020315723158,175.98809523809524,0.5881401300254502,0.3240102333441973
228000179,1001,169,동백이마트,37.27565821917214,127.15063134116473,175.98809523809524,0.5881401300254502,0.3240102333441973
228000179,1001,169,동백이마트,37.27560733005337,127.15075679020646,175.98809523809524,0.5881401300254502,0.3240102333441973
228000179,1001,169,동백이마트,37.27553007376444,127.15076194342215,175.98809523809524,0.5881401300254502,0.3240102333441973
228000179,1001,169,동백이마트,37.27560733005337,127.15075679020646,175.98809523809524,0.5881401300254502,0.3240102333441973
228000179,1001,169,동백이마트,37.27553007376444,127.15076194342215,175.98809523809524,0.5881401300254502,0.3240102333441973
228000179,1001,169,동백이마트,37.275658219185054,127.15063133101695,175.98809523809524,0.5881401300254502,0.3240102333441973
228000179,1001,169,동백이마트,37.27553007376444,127.15076194342215,175.98809523809524,0.5881401300254502,0.3240102333441973
228000179,1001,169,동백이마트,37.27553007376444,127.15076194342215,175.98809523809524,0.5881401300254502,0.3240102333441973
228000179,1001,169,동백이마트,37.27553007376444,127.15076194342215,175.98809523809524,0.5881401300254502,0.3240102333441973
228000179,1001,169,동백이마트,37.27553007376444,127.15076194342215,175.98809523809524,0.5881401300254502,0.3240102333441973
228000179,1001,169,동백이마트,37.275658219185054,127.15063133101695,175.98809523809524,0.5881401300254502,0.3240102333441973
228000179,1001,169,동백이마트,37.27565652981764,127.15063126676426,175.98809523809524,0.5881401300254502,0.3240102333441973
228000179,1001,169,동백이마트,37.27566157212512,127.1506269470937,175.98809523809524,0.5881401300254502,0.3240102333441973
228000179,1001,170,평촌마을,37.27865331683954,127.15147301239126,175.98809523809524,0.5881401300254502,0.3240102333441973
228000179,1001,170,평촌마을,37.27865331683954,127.15147301239126,175.98809523809524,0.5881401300254502,0.3240102333441973
228000179,1001,170,평촌마을,37.27890329447031,127.15142426111876,175.98809523809524,0.5881401300254502,0.3240102333441973
228000179,1001,170,평촌마을,37.27866769404249,127.1515174760158,175.98809523809524,0.5881401300254502,0.3240102333441973
228000179,1001,176,쥬네브상가,37.2725508828058,127.15065236884296,175.98809523809524,0.5881401300254502,0.3240102333441973
228000179,1001,176,쥬네브상가,37.272574785557005,127.15066585157638,175.98809523809524,0.5881401300254502,0.3240102333441973
228000179,1001,176,쥬네브상가,37.272574785557005,127.15066585157638,175.98809523809524,0.5881401300254502,0.3240102333441973
228000179,1001,176,쥬네브상가,37.27263069617267,127.15062109922172,175.98809523809524,0.5881401300254502,0.3240102333441973
228000179,1001,177,동백2동행정복지센터,37.26954082424695,127.15035485860412,175.98809523809524,0.5881401300254502,0.3240102333441973
228000179,1001,177,동백2동행정복지센터,37.26950266169271,127.1503327728626,175.98809523809524,0.5881401300254502,0.3240102333441973
228000179,1001,177,동백2동행정복지센터,37.26950266169271,127.1503327728626,175.98809523809524,0.5881401300254502,0.3240102333441973
228000179,1001,177,동백2동행정복지센터,37.26950266169271,127.1503327728626,175.98809523809524,0.5881401300254502,0.3240102333441973
228000179,1001,177,동백2동행정복지센터,37.26950266169271,127.1503327728626,175.98809523809524,0.5881401300254502,0.3240102333441973
228000179,1001,177,동백2동행정복지센터,37.26952461371869,127.15038032566008,175.98809523809524,0.5881401300254502,0.3240102333441973
228000179,1001,177,동백2동행정복지센터,37.26952460472119,127.15038031549524,175.98809523809524,0.5881401300254502,0.3240102333441973
228000179,1001,180,초당중학교.삼부르네상스아파트,37.26198768037676,127.15746266896474,175.98809523809524,0.5881401300254502,0.3240102333441973
228000179,1001,180,초당중학교.삼부르네상스아파트,37.26199674399332,127.15745383155488,175.98809523809524,0.5881401300254502,0.3240102333441973
228000179,1001,180,초당중학교.삼부르네상스아파트,37.26199674399332,127.15745383155488,175.98809523809524,0.5881401300254502,0.3240102333441973
228000179,1001,180,초당중학교.삼부르네상스아파트,37.26199674399332,127.15745383155488,175.98809523809524,0.5881401300254502,0.3240102333441973
228000179,1001,180,초당중학교.삼부르네상스아파트,37.26199674399332,127.15745383155488,175.98809523809524,0.5881401300254502,0.3240102333441973
228000179,1001,180,초당중학교.삼부르네상스아파트,37.26200838346755,127.15747564701412,175.98809523809524,0.5881401300254502,0.3240102333441973
228000200,81-2,0,(임시)용인터미널,37.23003750880943,127.2093126179899,2.0,0.0,0.0
228000200,81-2,0,(임시)용인터미널,37.23003750880943,127.2093126179899,2.0,0.0,0.0
228000200,81-2,0,(임시)용인터미널,37.23003750880943,127.2093126179899,2.0,0.0,0.0
228000200,81-2,0,(임시)용인터미널,37.22902170185549,127.2088299589003,2.0,0.0,0.0
228000200,81-2,0,(임시)용인터미널,37.22902170185549,127.2088299589003,2.0,0.0,0.0
228000200,81-2,0,(임시)용인터미널,37.22942377746066,127.20859879201753,2.0,0.0,0.0
228000200,81-2,0,(임시)용인터미널,37.22942377746066,127.20859879201753,2.0,0.0,0.0
228000200,81-2,3,공설운동장,37.23480237854839,127.21024986539705,2.0,0.0,0.0
228000200,81-2,3,공설운동장,37.23480237854839,127.21024986539705,2.0,0.0,0.0
228000200,81-2,3,공설운동장,37.234788573592965,127.21023466434428,2.0,0.0,0.0
228000200,81-2,3,공설운동장,37.23476424004689,127.21022903880431,2.0,0.0,0.0
228000200,81-2,4,용마초교,37.23447268488421,127.2132240076735,2.0,0.0,0.0
228000200,81-2,4,용마초교,37.23447268488421,127.2132240076735,2.0,0.0,0.0
228000200,81-2,4,용마초교,37.23445068275293,127.21322223617912,2.0,0.0,0.0
228000200,81-2,4,용마초교,37.23445071462681,127.2132254018872,2.0,0.0,0.0
228000200,81-2,4,용마초교,37.23446425039704,127.21327393896546,2.0,0.0,0.0
228000200,81-2,5,서울병원,37.23732757965219,127.21400964958475,2.0,0.0,0.0
228000200,81-2,5,서울병원,37.23732757965219,127.21400964958475,2.0,0.0,0.0
228000200,81-2,5,서울병원,37.23732757965219,127.21400964958475,2.0,0.0,0.0
228000200,81-2,5,서울병원,37.23737744869404,127.21405511121874,2.0,0.0,0.0
228000200,81-2,5,서울병원,37.23732270221191,127.2140570593256,2.0,0.0,0.0
228000200,81-2,5,서울병원,37.23748923165618,127.21414666039296,2.0,0.0,0.0
228000200,81-2,5,서울병원,37.23748923165618,127.21414666039296,2.0,0.0,0.0
228000200,81-2,7,고림고등학교,37.24512801461144,127.22034332160588,2.0,0.0,0.0
228000200,81-2,7,고림고등학교,37.245096404859815,127.2203826771613,2.0,0.0,0.0
228000200,81-2,7,고림고등학교,37.24486912857388,127.22025521992543,2.0,0.0,0.0
228000200,81-2,7,고림고등학교,37.24512801461144,127.22034332160588,2.0,0.0,0.0
228000200,81-2,7,고림고등학교,37.24487279814468,127.22023556097012,2.0,0.0,0.0
228000200,81-2,7,고림고등학교,37.24488102939385,127.22023350547744,2.0,0.0,0.0
228000200,81-2,7,고림고등학교,37.24487279814468,127.22023556097012,2.0,0.0,0.0
228000200,81-2,7,고림고등학교,37.24423442493302,127.21968268548088,2.0,0.0,0.0
228000200,81-2,7,고림고등학교,37.24423442493302,127.21968268548088,2.0,0.0,0.0
228000200,81-2,10,예진마을입구,37.24635119225019,127.22630920204756,2.0,0.0,0.0
228000200,81-2,10,예진마을입구,37.24635119225019,127.22630920204756,2.0,0.0,0.0
228000200,81-2,10,예진마을입구,37.24635119225019,127.22630920204756,2.0,0.0,0.0
228000200,81-2,10,예진마을입구,37.24632417969995,127.22641016844923,2.0,0.0,0.0
228000200,81-2,10,예진마을입구,37.24632065062312,127.22628461900857,2.0,0.0,0.0
228000200,81-2,11,용샘주유소,37.24574105219355,127.22965481488002,2.0,0.0,0.0
228000200,81-2,11,용샘주유소,37.24574105219355,127.22965481488002,2.0,0.0,0.0
228000200,81-2,11,용샘주유소,37.24574559016872,127.22963792240084,2.0,0.0,0.0
228000200,81-2,11,용샘주유소,37.245686434783394,127.22963890830948,2.0,0.0,0.0
228000200,81-2,11,용샘주유소,37.24574105219355,127.22965481488002,2.0,0.0,0.0
228000200,81-2,12,임원,37.24812317018071,127.2325474677472,2.0,0.0,0.0
228000200,81-2,12,임원,37.24806691465982,127.23254416824904,2.0,0.0,0.0
228000200,81-2,12,임원,37.24812317018071,127.2325474677472,2.0,0.0,0.0
228000200,81-2,13,주북6리,37.24703253600108,127.23501810606814,2.0,0.0,0.0
228000200,81-2,13,주북6리,37.24702797488763,127.23504626946092,2.0,0.0,0.0
228000200,81-2,13,주북6리,37.24703328237264,127.23503474779844,2.0,0.0,0.0
228000200,81-2,13,주북6리,37.24702797488763,127.23504626946092,2.0,0.0,0.0
228000200,81-2,13,주북6리,37.24711604535136,127.23489105003968,2.0,0.0,0.0
228000200,81-2,13,주북6리,37.24703328237264,127.23503474779844,2.0,0.0,0.0
228000200,81-2,14,주북6리마을회관,37.25113769314483,127.23682304601594,2.0,0.0,0.0
228000200,81-2,14,주북6리마을회관,37.24612551066695,127.23801334561284,2.0,0.0,0.0
228000200,81-2,14,주북6리마을회관,37.25113771401096,127.23678530921164,2.0,0.0,0.0
228000200,81-2,14,주북6리마을회관,37.246081429292936,127.23810415848094,2.0,0.0,0.0
228000200,81-2,14,주북6리마을회관,37.24614389733625,127.23809044223091,2.0,0.0,0.0
228000200,81-2,14,주북6리마을회관,37.246081429292936,127.23810415848094,2.0,0.0,0.0
228000200,81-2,14,주북6리마을회관,37.24604261928417,127.23814911086248,2.0,0.0,0.0
228000200,81-2,15,주북리,37.24577471042366,127.2399451906365,2.0,0.0,0.0
228000200,81-2,15,주북리,37.24577471042366,127.2399451906365,2.0,0.0,0.0
228000200,81-2,15,주북리,37.24577206158425,127.23994819155128,2.0,0.0,0.0
228000200,81-2,15,주북리,37.245813011296335,127.2399930891641,2.0,0.0,0.0
228000200,81-2,16,원각사입구,37.24477103427099,127.24605071989096,2.0,0.0,0.0
228000200,81-2,16,원각사입구,37.24477552774541,127.246056369842,2.0,0.0,0.0
228000200,81-2,16,원각사입구,37.24477552774541,127.246056369842,2.0,0.0,0.0
228000200,81-2,16,원각사입구,37.2448137097764,127.24610043276464,2.0,0.0,0.0
228000200,81-2,16,원각사입구,37.24477103427099,127.24605071989096,2.0,0.0,0.0
228000200,81-2,17,주북1리,37.24338727364011,127.25066148203436,2.0,0.0,0.0
228000200,81-2,17,주북1리,37.243400777261655,127.2506671619954,2.0,0.0,0.0
228000200,81-2,17,주북1리,37.243400777261655,127.2506671619954,2.0,0.0,0.0
228000200,81-2,17,주북1리,37.243400777261655,127.2506671619954,2.0,0.0,0.0
228000200,81-2,17,주북1리,37.24341194026768,127.25056371228273,2.0,0.0,0.0
228000200,81-2,17,주북1리,37.24345310814401,127.25067604965004,2.0,0.0,0.0
228000200,81-2,17,주북1리,37.24345184227753,127.25045712526546,2.0,0.0,0.0
228000200,81-2,17,주북1리,37.24345184227753,127.25045712526546,2.0,0.0,0.0
228000200,81-2,20,배실,37.24392668217131,127.2679804616334,2.0,0.0,0.0
228000200,81-2,20,배실,37.28647690665997,127.11993012347769,2.0,0.0,0.0
228000200,81-2,20,배실,37.28647690665997,127.11993012347769,2.0,0.0,0.0
228000200,81-2,20,배실,37.24415525008968,127.26782326146234,2.0,0.0,0.0
228000200,81-2,20,배실,37.24390823947636,127.26781357043056,2.0,0.0,0.0
228000200,81-2,20,배실,37.24390823947636,127.26781357043056,2.0,0.0,0.0
228000200,81-2,20,배실,37.24395132885833,127.26767580847536,2.0,0.0,0.0
228000200,81-2,20,배실,37.24395132885833,127.26767580847536,2.0,0.0,0.0
228000200,81-2,24,주북1리,37.2434817035336,127.25074632345364,2.0,0.0,0.0
228000200,81-2,24,주북1리,37.24352226211503,127.25074082257322,2.0,0.0,0.0
228000200,81-2,24,주북1리,37.2434817035336,127.25074632345364,2.0,0.0,0.0
228000200,81-2,24,주북1리,37.24350818502479,127.25075108055148,2.0,0.0,0.0
228000200,81-2,24,주북1리,37.24348332252249,127.250751091727,2.0,0.0,0.0
228000200,81-2,24,주북1리,37.2434817035336,127.25074632345364,2.0,0.0,0.0
228000200,81-2,24,주북1리,37.243516113649136,127.25072976737378,2.0,0.0,0.0
228000200,81-2,24,주북1리,37.2434971126138,127.25076701077684,2.0,0.0,0.0
228000200,81-2,26,주북리,37.24589627048137,127.2399850240298,2.0,0.0,0.0
228000200,81-2,26,주북리,37.24587373313504,127.23999058798816,2.0,0.0,0.0
228000200,81-2,26,주북리,37.245891035707935,127.23997198959545,2.0,0.0,0.0
228000200,81-2,26,주북리,37.24587373313504,127.23999058798816,2.0,0.0,0.0
228000200,81-2,26,주북리,37.24587649086215,127.24004455705656,2.0,0.0,0.0
228000200,81-2,26,주북리,37.24588006368828,127.24002801601723,2.0,0.0,0.0
228000200,81-2,29,임원,37.24824964728822,127.23237878833066,2.0,0.0,0.0
228000200,81-2,29,임원,37.24824964728822,127.23237878833066,2.0,0.0,0.0
228000200,81-2,29,임원,37.24824964728822,127.23237878833066,2.0,0.0,0.0
228000200,81-2,29,임원,37.24820654693064,127.23233327136828,2.0,0.0,0.0
228000200,81-2,29,임원,37.24824964728822,127.23237878833066,2.0,0.0,0.0
228000200,81-2,31,예진마을입구,37.246414114087216,127.2263882867418,2.0,0.0,0.0
228000200,81-2,31,예진마을입구,37.246414114087216,127.2263882867418,2.0,0.0,0.0
228000200,81-2,31,예진마을입구,37.246414114087216,127.2263882867418,2.0,0.0,0.0
228000200,81-2,31,예진마을입구,37.246414114087216,127.2263882867418,2.0,0.0,0.0
228000200,81-2,31,예진마을입구,37.24646404096344,127.22642641352984,2.0,0.0,0.0
228000200,81-2,31,예진마을입구,37.24637176757639,127.22654103779335,2.0,0.0,0.0
228000200,81-2,32,명성주유소,37.2475346867859,127.22347160447968,2.0,0.0,0.0
228000200,81-2,32,명성주유소,37.2475346867859,127.22347160447968,2.0,0.0,0.0
228000200,81-2,32,명성주유소,37.24746639205825,127.2234359394452,2.0,0.0,0.0
228000200,81-2,32,명성주유소,37.24758610560352,127.22351705377828,2.0,0.0,0.0
228000200,81-2,33,단사마을,37.24656740447399,127.22156477581277,2.0,0.0,0.0
228000200,81-2,33,단사마을,37.24662613008616,127.2214804154994,2.0,0.0,0.0
228000200,81-2,33,단사마을,37.24660513006428,127.22148491878076,2.0,0.0,0.0
228000200,81-2,33,단사마을,37.24662170559966,127.2214729028504,2.0,0.0,0.0
228000200,81-2,34,고림고등학교,37.244948205207066,127.22012865449726,2.0,0.0,0.0
228000200,81-2,34,고림고등학교,37.24471221129883,127.2198433833966,2.0,0.0,0.0
228000200,81-2,34,고림고등학교,37.244948205207066,127.22012865449726,2.0,0.0,0.0
228000200,81-2,34,고림고등학교,37.244694342114734,127.21987864478116,2.0,0.0,0.0
228000200,81-2,34,고림고등학교,37.2447014266042,127.21987741206362,2.0,0.0,0.0
228000200,81-2,34,고림고등학교,37.244694342114734,127.21987864478116,2.0,0.0,0.0
228000200,81-2,34,고림고등학교,37.24429742889169,127.21950614504073,2.0,0.0,0.0
228000200,81-2,34,고림고등학교,37.24429742889169,127.21950614504073,2.0,0.0,0.0
228000200,81-2,36,서울병원,37.23750778763712,127.21401015902158,2.0,0.0,0.0
228000200,81-2,36,서울병원,37.23750778763712,127.21401015902158,2.0,0.0,0.0
228000200,81-2,36,서울병원,37.23750778763712,127.21401015902158,2.0,0.0,0.0
228000200,81-2,36,서울병원,37.23753211801787,127.21393614474466,2.0,0.0,0.0
228000200,81-2,36,서울병원,37.23752330870728,127.21393004778275,2.0,0.0,0.0
228000200,81-2,36,서울병원,37.23721549260888,127.2138933350781,2.0,0.0,0.0
228000200,81-2,36,서울병원,37.23721549260888,127.2138933350781,2.0,0.0,0.0
228000200,81-2,39,운동장.송담대역,37.23468995471558,127.20757875484902,2.0,0.0,0.0
228000200,81-2,39,운동장.송담대역,37.23468995471558,127.20757875484902,2.0,0.0,0.0
228000200,81-2,39,운동장.송담대역,37.23468995471558,127.20757875484902,2.0,0.0,0.0
228000200,81-2,39,운동장.송담대역,37.234699849521554,127.20762065829918,2.0,0.0,0.0
228000200,81-2,39,운동장.송담대역,37.23468995471558,127.20757875484902,2.0,0.0,0.0
228000200,81-2,39,운동장.송담대역,37.23478008115425,127.20762278281197,2.0,0.0,0.0
228000200,81-2,40,용인터미널,37.23021807537541,127.2091102836416,2.0,0.0,0.0
228000200,81-2,40,용인터미널,37.23021807537541,127.2091102836416,2.0,0.0,0.0
228000200,81-2,40,용인터미널,37.23031859686603,127.20912716204596,2.0,0.0,0.0
228000200,81-2,40,용인터미널,37.23021807537541,127.2091102836416,2.0,0.0,0.0
228000200,81-2,40,용인터미널,37.23025729446032,127.20911222871564,2.0,0.0,0.0
228000200,81-2,40,용인터미널,37.23027607804442,127.2091701783166,2.0,0.0,0.0
228000200,81-2,40,용인터미널,37.23027607804442,127.2091701783166,2.0,0.0,0.0
228000200,81-2,40,용인터미널,37.23031067791939,127.21032524283834,2.0,0.0,0.0
228000238,20,0,(임시)용인터미널,37.23003750880943,127.2093126179899,254.06438407145515,0.9412097918862525,0.5185186127015541
228000238,20,0,(임시)용인터미널,37.23003750880943,127.2093126179899,254.06438407145515,0.9412097918862525,0.5185186127015541
228000238,20,0,(임시)용인터미널,37.23003750880943,127.2093126179899,254.06438407145515,0.9412097918862525,0.5185186127015541
228000238,20,0,(임시)용인터미널,37.22902170185549,127.2088299589003,254.06438407145515,0.9412097918862525,0.5185186127015541
228000238,20,0,(임시)용인터미널,37.22902170185549,127.2088299589003,254.06438407145515,0.9412097918862525,0.5185186127015541
228000238,20,0,(임시)용인터미널,37.22942377746066,127.20859879201753,254.06438407145515,0.9412097918862525,0.5185186127015541
228000238,20,0,(임시)용인터미널,37.22942377746066,127.20859879201753,254.06438407145515,0.9412097918862525,0.5185186127015541
228000238,20,3,고진역입구,37.24322384547767,127.21209907148749,254.06438407145515,0.9412097918862525,0.5185186127015541
228000238,20,3,고진역입구,37.24322384547767,127.21209907148749,254.06438407145515,0.9412097918862525,0.5185186127015541
228000238,20,3,고진역입구,37.24327330397136,127.2120858759932,254.06438407145515,0.9412097918862525,0.5185186127015541
228000238,20,3,고진역입구,37.24322384547767,127.21209907148749,254.06438407145515,0.9412097918862525,0.5185186127015541
228000238,20,4,무수막,37.2458820718476,127.21201635423762,254.06438407145515,0.9412097918862525,0.5185186127015541
228000238,20,4,무수막,37.24624925017197,127.21201456515658,254.06438407145515,0.9412097918862525,0.5185186127015541
228000238,20,4,무수막,37.2458820718476,127.21201635423762,254.06438407145515,0.9412097918862525,0.5185186127015541
228000238,20,4,무수막,37.245890755282325,127.21177662711791,254.06438407145515,0.9412097918862525,0.5185186127015541
228000238,20,4,무수막,37.24624996304085,127.21201347838355,254.06438407145515,0.9412097918862525,0.5185186127015541
228000238,20,7,유림동.방축,37.25573971005595,127.2118861642626,254.06438407145515,0.9412097918862525,0.5185186127015541
228000238,20,7,유림동.방축,37.25573971005595,127.2118861642626,254.06438407145515,0.9412097918862525,0.5185186127015541
228000238,20,7,유림동.방축,37.25573971005595,127.2118861642626,254.06438407145515,0.9412097918862525,0.5185186127015541
228000238,20,7,유림동.방축,37.25573971005595,127.2118861642626,254.06438407145515,0.9412097918862525,0.5185186127015541
228000238,20,7,유림동.방축,37.25573630033597,127.21187770385072,254.06438407145515,0.9412097918862525,0.5185186127015541
228000238,20,7,유림동.방축,37.255733371829386,127.21202726699708,254.06438407145515,0.9412097918862525,0.5185186127015541
228000238,20,10,둔전역.인정멜로디아파트,37.26437107522589,127.21222600485028,254.06438407145515,0.9412097918862525,0.5185186127015541
228000238,20,10,둔전역.인정멜로디아파트,37.26437107522589,127.21222600485028,254.06438407145515,0.9412097918862525,0.5185186127015541
228000238,20,10,둔전역.인정멜로디아파트,37.26437107522589,127.21222600485028,254.06438407145515,0.9412097918862525,0.5185186127015541
228000238,20,10,둔전역.인정멜로디아파트,37.26437975497098,127.21221392811032,254.06438407145515,0.9412097918862525,0.5185186127015541
228000238,20,10,둔전역.인정멜로디아파트,37.26437107522589,127.21222600485028,254.06438407145515,0.9412097918862525,0.5185186127015541
228000238,20,11,신원아파트,37.26558514682722,127.2147688335658,254.06438407145515,0.9412097918862525,0.5185186127015541
228000238,20,11,신원아파트,37.26554726672666,127.21454043181036,254.06438407145515,0.9412097918862525,0.5185186127015541
228000238,20,11,신원아파트,37.26554726672666,127.21454043181036,254.06438407145515,0.9412097918862525,0.5185186127015541
228000238,20,11,신원아파트,37.26554726672666,127.21454043181036,254.06438407145515,0.9412097918862525,0.5185186127015541
228000238,20,11,신원아파트,37.26554726672666,127.21454043181036,254.06438407145515,0.9412097918862525,0.5185186127015541
228000238,20,11,신원아파트,37.26554726672666,127.21454043181036,254.06438407145515,0.9412097918862525,0.5185186127015541
228000238,20,11,신원아파트,37.26564685234539,127.21472137586272,254.06438407145515,0.9412097918862525,0.5185186127015541
228000238,20,11,신원아파트,37.26560362718071,127.21475193476928,254.06438407145515,0.9412097918862525,0.5185186127015541
228000238,20,12,포곡농협둔전지점,37.26649173828675,127.21664349368416,254.06438407145515,0.9412097918862525,0.5185186127015541
228000238,20,12,포곡농협둔전지점,37.26649173828675,127.21664349368416,254.06438407145515,0.9412097918862525,0.5185186127015541
228000238,20,12,포곡농협둔전지점,37.26649173828675,127.21664349368416,254.06438407145515,0.9412097918862525,0.5185186127015541
228000238,20,12,포곡농협둔전지점,37.26649173828675,127.21664349368416,254.06438407145515,0.9412097918862525,0.5185186127015541
228000238,20,12,포곡농협둔전지점,37.26649173828675,127.21664349368416,254.06438407145515,0.9412097918862525,0.5185186127015541
228000238,20,12,포곡농협둔전지점,37.26649173828675,127.21664349368416,254.06438407145515,0.9412097918862525,0.5185186127015541
228000238,20,12,포곡농협둔전지점,37.26649173828675,127.21664349368416,254.06438407145515,0.9412097918862525,0.5185186127015541
228000238,20,12,포곡농협둔전지점,37.26649173828675,127.21664349368416,254.06438407145515,0.9412097918862525,0.5185186127015541
228000238,20,12,포곡농협둔전지점,37.26649173828675,127.21664349368416,254.06438407145515,0.9412097918862525,0.5185186127015541
228000238,20,12,포곡농협둔전지점,37.26649980622675,127.21666873747635,254.06438407145515,0.9412097918862525,0.5185186127015541
228000238,20,12,포곡농협둔전지점,37.26649173855748,127.21664349345946,254.06438407145515,0.9412097918862525,0.5185186127015541
228000238,20,12,포곡농협둔전지점,37.266491736763655,127.21664348894474,254.06438407145515,0.9412097918862525,0.5185186127015541
228000238,20,13,둔전,37.26753796279487,127.21830210703703,254.06438407145515,0.9412097918862525,0.5185186127015541
228000238,20,13,둔전,37.26768223593711,127.21850651795684,254.06438407145515,0.9412097918862525,0.5185186127015541
228000238,20,13,둔전,37.26753796279487,127.21830210703703,254.06438407145515,0.9412097918862525,0.5185186127015541
228000238,20,13,둔전,37.26753796279487,127.21830210703703,254.06438407145515,0.9412097918862525,0.5185186127015541
228000238,20,13,둔전,37.26771773063983,127.2184693900274,254.06438407145515,0.9412097918862525,0.5185186127015541
228000238,20,13,둔전,37.267722787731245,127.21846474842992,254.06438407145515,0.9412097918862525,0.5185186127015541
228000238,20,13,둔전,37.267717275937656,127.21851657311667,254.06438407145515,0.9412097918862525,0.5185186127015541
228000238,20,15,포곡고등학교,37.27219283587222,127.2252393194034,254.06438407145515,0.9412097918862525,0.5185186127015541
228000238,20,15,포곡고등학교,37.27266036628055,127.2257165120244,254.06438407145515,0.9412097918862525,0.5185186127015541
228000238,20,15,포곡고등학교,37.27221991487547,127.22518670513604,254.06438407145515,0.9412097918862525,0.5185186127015541
228000238,20,15,포곡고등학교,37.27222604624842,127.2252024404412,254.06438407145515,0.9412097918862525,0.5185186127015541
228000238,20,15,포곡고등학교,37.27218347282913,127.22519971694103,254.06438407145515,0.9412097918862525,0.5185186127015541
228000238,20,20,재원아파트,37.2846228294139,127.2332912240679,254.06438407145515,0.9412097918862525,0.5185186127015541
228000238,20,20,재원아파트,37.2846228294139,127.2332912240679,254.06438407145515,0.9412097918862525,0.5185186127015541
228000238,20,20,재원아파트,37.2846228294139,127.2332912240679,254.06438407145515,0.9412097918862525,0.5185186127015541
228000238,20,20,재원아파트,37.2846122530413,127.23332596740728,254.06438407145515,0.9412097918862525,0.5185186127015541
228000238,20,20,재원아파트,37.28452095990068,127.23330680286304,254.06438407145515,0.9412097918862525,0.5185186127015541
228000238,20,20,재원아파트,37.2846228294139,127.2332912240679,254.06438407145515,0.9412097918862525,0.5185186127015541
228000238,20,20,재원아파트,37.2846115359131,127.23332317535588,254.06438407145515,0.9412097918862525,0.5185186127015541
228000238,20,23,주식회사경방,37.29788506389383,127.23380587855767,254.06438407145515,0.9412097918862525,0.5185186127015541
228000238,20,23,주식회사경방,37.29788506389383,127.23380587855767,254.06438407145515,0.9412097918862525,0.5185186127015541
228000238,20,23,주식회사경방,37.29786241844478,127.23381030637222,254.06438407145515,0.9412097918862525,0.5185186127015541
228000238,20,23,주식회사경방,37.29788506389383,127.23380587855767,254.06438407145515,0.9412097918862525,0.5185186127015541
228000238,20,25,초부리,37.31073887059617,127.24027557676966,254.06438407145515,0.9412097918862525,0.5185186127015541
228000238,20,25,초부리,37.31073887059617,127.24027557676966,254.06438407145515,0.9412097918862525,0.5185186127015541
228000238,20,25,초부리,37.31079578463291,127.24026300637496,254.06438407145515,0.9412097918862525,0.5185186127015541
228000238,20,25,초부리,37.31072627754889,127.24034490063556,254.06438407145515,0.9412097918862525,0.5185186127015541
228000238,20,26,빨래터,37.31510692241312,127.2412370979747,254.06438407145515,0.9412097918862525,0.5185186127015541
228000238,20,26,빨래터,37.31510692241312,127.2412370979747,254.06438407145515,0.9412097918862525,0.5185186127015541
228000238,20,26,빨래터,37.31510692241312,127.2412370979747,254.06438407145515,0.9412097918862525,0.5185186127015541
228000238,20,26,빨래터,37.31509075909078,127.24122678722183,254.06438407145515,0.9412097918862525,0.5185186127015541
228000238,20,26,빨래터,37.31510692241312,127.2412370979747,254.06438407145515,0.9412097918862525,0.5185186127015541
228000238,20,26,빨래터,37.31509095389933,127.241216087649,254.06438407145515,0.9412097918862525,0.5185186127015541
228000238,20,28,왕곡마을.모현읍행정복지센터,37.32963971119878,127.24602256285594,254.06438407145515,0.9412097918862525,0.5185186127015541
228000238,20,28,왕곡마을.모현읍행정복지센터,37.3295426488524,127.24617365292646,254.06438407145515,0.9412097918862525,0.5185186127015541
228000238,20,28,왕곡마을.모현읍행정복지센터,37.3295426488524,127.24617365292646,254.06438407145515,0.9412097918862525,0.5185186127015541
228000238,20,28,왕곡마을.모현읍행정복지센터,37.32958617419,127.24595650034118,254.06438407145515,0.9412097918862525,0.5185186127015541
228000238,20,28,왕곡마을.모현읍행정복지센터,37.32963971119878,127.24602256285594,254.06438407145515,0.9412097918862525,0.5185186127015541
228000238,20,28,왕곡마을.모현읍행정복지센터,37.32951630830924,127.24610162954215,254.06438407145515,0.9412097918862525,0.5185186127015541
228000238,20,28,왕곡마을.모현읍행정복지센터,37.3295426488524,127.24617365292646,254.06438407145515,0.9412097918862525,0.5185186127015541
228000238,20,28,왕곡마을.모현읍행정복지센터,37.3295426488524,127.24617365292646,254.06438407145515,0.9412097918862525,0.5185186127015541
228000238,20,28,왕곡마을.모현읍행정복지센터,37.32949559500543,127.24611617332644,254.06438407145515,0.9412097918862525,0.5185186127015541
228000238,20,28,왕곡마을.모현읍행정복지센터,37.32949559500543,127.24611617332644,254.06438407145515,0.9412097918862525,0.5185186127015541
228000238,20,28,왕곡마을.모현읍행정복지센터,37.32949559500543,127.24611617332644,254.06438407145515,0.9412097918862525,0.5185186127015541
228000238,20,28,왕곡마을.모현읍행정복지센터,37.32949559500543,127.24611617332644,254.06438407145515,0.9412097918862525,0.5185186127015541
228000238,20,30,외대사거리,37.333940632465534,127.2488914385912,254.06438407145515,0.9412097918862525,0.5185186127015541
228000238,20,30,외대사거리,37.3339524972281,127.2488832957119,254.06438407145515,0.9412097918862525,0.5185186127015541
228000238,20,30,외대사거리,37.333940632465534,127.2488914385912,254.06438407145515,0.9412097918862525,0.5185186127015541
228000238,20,30,외대사거리,37.333940632465534,127.2488914385912,254.06438407145515,0.9412097918862525,0.5185186127015541
228000238,20,30,외대사거리,37.33395060668487,127.2489382041594,254.06438407145515,0.9412097918862525,0.5185186127015541
228000238,20,30,외대사거리,37.33395060668487,127.2489382041594,254.06438407145515,0.9412097918862525,0.5185186127015541
228000238,20,31,왕산4리,37.33579612192936,127.2491909516225,254.06438407145515,0.9412097918862525,0.5185186127015541
228000238,20,31,왕산4리,37.33587975303883,127.249208345022,254.06438407145515,0.9412097918862525,0.5185186127015541
228000238,20,31,왕산4리,37.33579612192936,127.2491909516225,254.06438407145515,0.9412097918862525,0.5185186127015541
228000238,20,31,왕산4리,37.33562752700642,127.24918400779792,254.06438407145515,0.9412097918862525,0.5185186127015541
228000238,20,34,독산마을,37.350994898921776,127.24562948455876,254.06438407145515,0.9412097918862525,0.5185186127015541
228000238,20,34,독산마을,37.35099932199534,127.2456690018798,254.06438407145515,0.9412097918862525,0.5185186127015541
228000238,20,34,독산마을,37.35099932199534,127.2456690018798,254.06438407145515,0.9412097918862525,0.5185186127015541
228000238,20,34,독산마을,37.35097299436077,127.24562326541368,254.06438407145515,0.9412097918862525,0.5185186127015541
228000238,20,34,독산마을,37.350994898921776,127.24562948455876,254.06438407145515,0.9412097918862525,0.5185186127015541
228000238,20,36,대성아파트,37.35875508988422,127.24449213850755,254.06438407145515,0.9412097918862525,0.5185186127015541
228000238,20,36,대성아파트,37.35875523545911,127.2444962510916,254.06438407145515,0.9412097918862525,0.5185186127015541
228000238,20,36,대성아파트,37.35875523545911,127.2444962510916,254.06438407145515,0.9412097918862525,0.5185186127015541
228000238,20,36,대성아파트,37.35875508988422,127.24449213850755,254.06438407145515,0.9412097918862525,0.5185186127015541
228000238,20,36,대성아파트,37.35868452998014,127.24446670532323,254.06438407145515,0.9412097918862525,0.5185186127015541
228000238,20,37,느티나무,37.36175341805144,127.24359215961238,254.06438407145515,0.9412097918862525,0.5185186127015541
228000238,20,37,느티나무,37.361712273007406,127.24360996800716,254.06438407145515,0.9412097918862525,0.5185186127015541
228000238,20,37,느티나무,37.36175341805144,127.24359215961238,254.06438407145515,0.9412097918862525,0.5185186127015541
228000238,20,37,느티나무,37.361712273007406,127.24360996800716,254.06438407145515,0.9412097918862525,0.5185186127015541
228000238,20,37,느티나무,37.361712273007406,127.24360996800716,254.06438407145515,0.9412097918862525,0.5185186127015541
228000238,20,39,특수전학교,37.36519714225515,127.2446259256733,254.06438407145515,0.9412097918862525,0.5185186127015541
228000238,20,39,특수전학교,37.36517987481356,127.24462254058771,254.06438407145515,0.9412097918862525,0.5185186127015541
228000238,20,39,특수전학교,37.36519714225515,127.2446259256733,254.06438407145515,0.9412097918862525,0.5185186127015541
228000238,20,39,특수전학교,37.36519714225515,127.2446259256733,254.06438407145515,0.9412097918862525,0.5185186127015541
228000238,20,39,특수전학교,37.36520003425088,127.24460428338745,254.06438407145515,0.9412097918862525,0.5185186127015541
228000238,20,39,특수전학교,37.36485101515726,127.24455984729606,254.06438407145515,0.9412097918862525,0.5185186127015541
228000238,20,39,특수전학교,37.36485101515726,127.24455984729606,254.06438407145515,0.9412097918862525,0.5185186127015541
228000238,20,40,양벌1통.매곡초등학교,37.36924090979803,127.24670703813692,254.06438407145515,0.9412097918862525,0.5185186127015541
228000238,20,40,양벌1통.매곡초등학교,37.36929253090737,127.24668258298048,254.06438407145515,0.9412097918862525,0.5185186127015541
228000238,20,40,양벌1통.매곡초등학교,37.36929253090737,127.24668258298048,254.06438407145515,0.9412097918862525,0.5185186127015541
228000238,20,40,양벌1통.매곡초등학교,37.36929253090737,127.24668258298048,254.06438407145515,0.9412097918862525,0.5185186127015541
228000238,20,40,양벌1통.매곡초등학교,37.36923295212817,127.24670997890148,254.06438407145515,0.9412097918862525,0.5185186127015541
228000238,20,40,양벌1통.매곡초등학교,37.36923295212817,127.24670997890148,254.06438407145515,0.9412097918862525,0.5185186127015541
228000238,20,40,양벌1통.매곡초등학교,37.36923295212817,127.24670997890148,254.06438407145515,0.9412097918862525,0.5185186127015541
228000238,20,41,롯데칠성음료,37.37307184518647,127.2497408924694,254.06438407145515,0.9412097918862525,0.5185186127015541
228000238,20,41,롯데칠성음료,37.37307184518647,127.2497408924694,254.06438407145515,0.9412097918862525,0.5185186127015541
228000238,20,41,롯데칠성음료,37.373088403256304,127.2497545629266,254.06438407145515,0.9412097918862525,0.5185186127015541
228000238,20,41,롯데칠성음료,37.373088403256304,127.2497545629266,254.06438407145515,0.9412097918862525,0.5185186127015541
228000238,20,41,롯데칠성음료,37.373088403256304,127.2497545629266,254.06438407145515,0.9412097918862525,0.5185186127015541
228000238,20,42,유리공장앞,37.37548696781459,127.25342904493507,254.06438407145515,0.9412097918862525,0.5185186127015541
228000238,20,42,유리공장앞,37.37554940753801,127.2534207546044,254.06438407145515,0.9412097918862525,0.5185186127015541
228000238,20,42,유리공장앞,37.37554940753801,127.2534207546044,254.06438407145515,0.9412097918862525,0.5185186127015541
228000238,20,42,유리공장앞,37.37554940753801,127.2534207546044,254.06438407145515,0.9412097918862525,0.5185186127015541
228000238,20,42,유리공장앞,37.34579229104912,127.20837662667512,254.06438407145515,0.9412097918862525,0.5185186127015541
228000238,20,42,유리공장앞,37.34579229104912,127.20837662667512,254.06438407145515,0.9412097918862525,0.5185186127015541
228000238,20,45,양벌3통마을회관,37.38304590083422,127.25318600270224,254.06438407145515,0.9412097918862525,0.5185186127015541
228000238,20,45,양벌3통마을회관,37.38306438667572,127.25320892418956,254.06438407145515,0.9412097918862525,0.5185186127015541
228000238,20,45,양벌3통마을회관,37.38304590083422,127.25318600270224,254.06438407145515,0.9412097918862525,0.5185186127015541
228000238,20,45,양벌3통마을회관,37.38306438667572,127.25320892418956,254.06438407145515,0.9412097918862525,0.5185186127015541
228000238,20,45,양벌3통마을회관,37.38306438667572,127.25320892418956,254.06438407145515,0.9412097918862525,0.5185186127015541
228000238,20,47,삼성빌라.희망교회,37.389377289913625,127.2517901621444,254.06438407145515,0.9412097918862525,0.5185186127015541
228000238,20,47,삼성빌라.희망교회,37.38936558978828,127.25177340929066,254.06438407145515,0.9412097918862525,0.5185186127015541
228000238,20,47,삼성빌라.희망교회,37.389377289913625,127.2517901621444,254.06438407145515,0.9412097918862525,0.5185186127015541
228000238,20,47,삼성빌라.희망교회,37.38936558978828,127.25177340929066,254.06438407145515,0.9412097918862525,0.5185186127015541
228000238,20,47,삼성빌라.희망교회,37.389377289913625,127.2517901621444,254.06438407145515,0.9412097918862525,0.5185186127015541
228000238,20,47,삼성빌라.희망교회,37.38936558978828,127.25177340929066,254.06438407145515,0.9412097918862525,0.5185186127015541
228000238,20,47,삼성빌라.희망교회,37.389377289913625,127.2517901621444,254.06438407145515,0.9412097918862525,0.5185186127015541
228000238,20,47,삼성빌라.희망교회,37.38891509290166,127.25251925615903,254.06438407145515,0.9412097918862525,0.5185186127015541
228000238,20,47,삼성빌라.희망교회,37.38891509290166,127.25251925615903,254.06438407145515,0.9412097918862525,0.5185186127015541
228000238,20,47,삼성빌라.희망교회,37.38891509290166,127.25251925615903,254.06438407145515,0.9412097918862525,0.5185186127015541
228000238,20,51,광주중앙고등학교,37.40012170894519,127.25558868743252,254.06438407145515,0.9412097918862525,0.5185186127015541
228000238,20,51,광주중앙고등학교,37.40016067251079,127.25557039261253,254.06438407145515,0.9412097918862525,0.5185186127015541
228000238,20,51,광주중앙고등학교,37.400121787333255,127.25558868769876,254.06438407145515,0.9412097918862525,0.5185186127015541
228000238,20,51,광주중앙고등학교,37.40016067251079,127.25557039261253,254.06438407145515,0.9412097918862525,0.5185186127015541
228000238,20,51,광주중앙고등학교,37.40016067251079,127.25557039261253,254.06438407145515,0.9412097918862525,0.5185186127015541
228000238,20,51,광주중앙고등학교,37.40016067251079,127.25557039261253,254.06438407145515,0.9412097918862525,0.5185186127015541
228000238,20,53,광주시축협,37.40502844206273,127.25867036271616,254.06438407145515,0.9412097918862525,0.5185186127015541
228000238,20,53,광주시축협,37.40502844206273,127.25867036271616,254.06438407145515,0.9412097918862525,0.5185186127015541
228000238,20,53,광주시축협,37.40507794096042,127.25865486720166,254.06438407145515,0.9412097918862525,0.5185186127015541
228000238,20,53,광주시축협,37.40502844206273,127.25867036271616,254.06438407145515,0.9412097918862525,0.5185186127015541
228000238,20,53,광주시축협,37.40502844206273,127.25867036271616,254.06438407145515,0.9412097918862525,0.5185186127015541
228000238,20,53,광주시축협,37.40502844206273,127.25867036271616,254.06438407145515,0.9412097918862525,0.5185186127015541
228000238,20,53,광주시축협,37.40507794096042,127.25865486720166,254.06438407145515,0.9412097918862525,0.5185186127015541
228000238,20,53,광주시축협,37.40501661395104,127.25863390926266,254.06438407145515,0.9412097918862525,0.5185186127015541
228000238,20,54,경안동공영주차장,37.40727899647603,127.25850016427763,254.06438407145515,0.9412097918862525,0.5185186127015541
228000238,20,54,경안동공영주차장,37.40725518083732,127.25867872289876,254.06438407145515,0.9412097918862525,0.5185186127015541
228000238,20,54,경안동공영주차장,37.41047900290125,127.25581338040888,254.06438407145515,0.9412097918862525,0.5185186127015541
228000238,20,54,경안동공영주차장,37.40725518083732,127.25867872289876,254.06438407145515,0.9412097918862525,0.5185186127015541
228000238,20,54,경안동공영주차장,37.4071726240135,127.25857911453176,254.06438407145515,0.9412097918862525,0.5185186127015541
228000238,20,54,경안동공영주차장,37.40717262312978,127.25857910662222,254.06438407145515,0.9412097918862525,0.5185186127015541
228000238,20,54,경안동공영주차장,37.40718678771321,127.25866122452815,254.06438407145515,0.9412097918862525,0.5185186127015541
228000238,20,54,경안동공영주차장,37.40718678771321,127.25866122452815,254.06438407145515,0.9412097918862525,0.5185186127015541
228000238,20,54,경안동공영주차장,37.40717262312978,127.25857910662222,254.06438407145515,0.9412097918862525,0.5185186127015541
228000238,20,56,한전광주지사,37.403380183590144,127.25839363118246,254.06438407145515,0.9412097918862525,0.5185186127015541
228000238,20,56,한전광주지사,37.40339791489844,127.2583795368008,254.06438407145515,0.9412097918862525,0.5185186127015541
228000238,20,56,한전광주지사,37.40327349523354,127.25850065065592,254.06438407145515,0.9412097918862525,0.5185186127015541
228000238,20,56,한전광주지사,37.40327349435477,127.25850064048797,254.06438407145515,0.9412097918862525,0.5185186127015541
228000238,20,57,광주중앙고등학교,37.40024076649184,127.25535075044026,254.06438407145515,0.9412097918862525,0.5185186127015541
228000238,20,57,광주중앙고등학교,37.40016108733726,127.25537839750902,254.06438407145515,0.9412097918862525,0.5185186127015541
228000238,20,57,광주중앙고등학교,37.40016120360967,127.255438862123,254.06438407145515,0.9412097918862525,0.5185186127015541
228000238,20,58,역동,37.39734971575504,127.25325678895308,254.06438407145515,0.9412097918862525,0.5185186127015541
228000238,20,58,역동,37.39736345594258,127.25326831502268,254.06438407145515,0.9412097918862525,0.5185186127015541
228000238,20,58,역동,37.39736345594258,127.25326831502268,254.06438407145515,0.9412097918862525,0.5185186127015541
228000238,20,58,역동,37.39736345594258,127.25326831502268,254.06438407145515,0.9412097918862525,0.5185186127015541
228000238,20,58,역동,37.39731714612063,127.25332641776778,254.06438407145515,0.9412097918862525,0.5185186127015541
228000238,20,59,경기광주역,37.39589538401842,127.25150934686,254.06438407145515,0.9412097918862525,0.5185186127015541
228000238,20,59,경기광주역,37.39589538401842,127.25150934686,254.06438407145515,0.9412097918862525,0.5185186127015541
228000238,20,59,경기광주역,37.39589538401842,127.25150934686,254.06438407145515,0.9412097918862525,0.5185186127015541
228000238,20,59,경기광주역,37.39584888746908,127.25129590912408,254.06438407145515,0.9412097918862525,0.5185186127015541
228000238,20,59,경기광주역,37.39584888746908,127.25129590912408,254.06438407145515,0.9412097918862525,0.5185186127015541
228000238,20,60,경안중.ICT폴리텍대학,37.39202960637369,127.24893656004107,254.06438407145515,0.9412097918862525,0.5185186127015541
228000238,20,60,경안중.ICT폴리텍대학,37.39202960637369,127.24893656004107,254.06438407145515,0.9412097918862525,0.5185186127015541
228000238,20,60,경안중.ICT폴리텍대학,37.39202960637369,127.24893656004107,254.06438407145515,0.9412097918862525,0.5185186127015541
228000238,20,60,경안중.ICT폴리텍대학,37.39205541357729,127.24891421808306,254.06438407145515,0.9412097918862525,0.5185186127015541
228000238,20,60,경안중.ICT폴리텍대학,37.39202960637369,127.24893656004107,254.06438407145515,0.9412097918862525,0.5185186127015541
228000238,20,60,경안중.ICT폴리텍대학,37.39202960637369,127.24893656004107,254.06438407145515,0.9412097918862525,0.5185186127015541
228000238,20,60,경안중.ICT폴리텍대학,37.39205541357729,127.24891421808306,254.06438407145515,0.9412097918862525,0.5185186127015541
228000238,20,60,경안중.ICT폴리텍대학,37.392298910896166,127.24927941716736,254.06438407145515,0.9412097918862525,0.5185186127015541
228000238,20,60,경안중.ICT폴리텍대학,37.392298910896166,127.24927941716736,254.06438407145515,0.9412097918862525,0.5185186127015541
228000238,20,60,경안중.ICT폴리텍대학,37.39248204765829,127.2494781438211,254.06438407145515,0.9412097918862525,0.5185186127015541
228000238,20,63,양벌3통마을회관,37.38309349358467,127.253007549325,254.06438407145515,0.9412097918862525,0.5185186127015541
228000238,20,63,양벌3통마을회관,37.3830918038061,127.25302835473948,254.06438407145515,0.9412097918862525,0.5185186127015541
228000238,20,63,양벌3통마을회관,37.3830918038061,127.25302835473948,254.06438407145515,0.9412097918862525,0.5185186127015541
228000238,20,63,양벌3통마을회관,37.38309349358467,127.253007549325,254.06438407145515,0.9412097918862525,0.5185186127015541
228000238,20,63,양벌3통마을회관,37.38307665933978,127.25307387574232,254.06438407145515,0.9412097918862525,0.5185186127015541
228000238,20,63,양벌3통마을회관,37.38307665933978,127.25307387574232,254.06438407145515,0.9412097918862525,0.5185186127015541
228000238,20,64,쌍용1차아파트,37.37772761191307,127.25447810425996,254.06438407145515,0.9412097918862525,0.5185186127015541
228000238,20,64,쌍용1차아파트,37.37772770255631,127.25447073409654,254.06438407145515,0.9412097918862525,0.5185186127015541
228000238,20,64,쌍용1차아파트,37.37772770255631,127.25447073409654,254.06438407145515,0.9412097918862525,0.5185186127015541
228000238,20,64,쌍용1차아파트,37.37772770255631,127.25447073409654,254.06438407145515,0.9412097918862525,0.5185186127015541
228000238,20,64,쌍용1차아파트,37.37772761191307,127.25447810425996,254.06438407145515,0.9412097918862525,0.5185186127015541
228000238,20,66,롯데칠성음료,37.37320605969145,127.24950657583744,254.06438407145515,0.9412097918862525,0.5185186127015541
228000238,20,66,롯데칠성음료,37.37321461984181,127.24950295530292,254.06438407145515,0.9412097918862525,0.5185186127015541
228000238,20,66,롯데칠성음료,37.37320605969145,127.24950657583744,254.06438407145515,0.9412097918862525,0.5185186127015541
228000238,20,66,롯데칠성음료,37.37315442641656,127.24952158968829,254.06438407145515,0.9412097918862525,0.5185186127015541
228000238,20,70,느티나무,37.36182480662819,127.2433661179146,254.06438407145515,0.9412097918862525,0.5185186127015541
228000238,20,70,느티나무,37.36182998635541,127.2433281443111,254.06438407145515,0.9412097918862525,0.5185186127015541
228000238,20,70,느티나무,37.36182480662819,127.2433661179146,254.06438407145515,0.9412097918862525,0.5185186127015541
228000238,20,70,느티나무,37.36182998635541,127.2433281443111,254.06438407145515,0.9412097918862525,0.5185186127015541
228000238,20,71,대성아파트,37.35921229115486,127.24416221059938,254.06438407145515,0.9412097918862525,0.5185186127015541
228000238,20,71,대성아파트,37.359244095497566,127.24414394615388,254.06438407145515,0.9412097918862525,0.5185186127015541
228000238,20,71,대성아파트,37.35916117818283,127.24418868606956,254.06438407145515,0.9412097918862525,0.5185186127015541
228000238,20,71,대성아파트,37.359244095497566,127.24414394615388,254.06438407145515,0.9412097918862525,0.5185186127015541
228000238,20,71,대성아파트,37.359244095497566,127.24414394615388,254.06438407145515,0.9412097918862525,0.5185186127015541
228000238,20,71,대성아파트,37.35916117818283,127.24418868606956,254.06438407145515,0.9412097918862525,0.5185186127015541
228000238,20,71,대성아파트,37.35912683523822,127.24404609388274,254.06438407145515,0.9412097918862525,0.5185186127015541
228000238,20,72,매산2통앞,37.354932615349846,127.2455181565288,254.06438407145515,0.9412097918862525,0.5185186127015541
228000238,20,72,매산2통앞,37.354828519836914,127.24542218172736,254.06438407145515,0.9412097918862525,0.5185186127015541
228000238,20,72,매산2통앞,37.354932615349846,127.2455181565288,254.06438407145515,0.9412097918862525,0.5185186127015541
228000238,20,72,매산2통앞,37.354828519836914,127.24542218172736,254.06438407145515,0.9412097918862525,0.5185186127015541
228000238,20,72,매산2통앞,37.35493931845502,127.24537684761847,254.06438407145515,0.9412097918862525,0.5185186127015541
228000238,20,72,매산2통앞,37.354939314864986,127.2453768408345,254.06438407145515,0.9412097918862525,0.5185186127015541
228000238,20,73,독산마을,37.35146403856938,127.24533756104532,254.06438407145515,0.9412097918862525,0.5185186127015541
228000238,20,73,독산마을,37.351448899130695,127.24533774879724,254.06438407145515,0.9412097918862525,0.5185186127015541
228000238,20,73,독산마을,37.35146403856938,127.24533756104532,254.06438407145515,0.9412097918862525,0.5185186127015541
228000238,20,73,독산마을,37.35146403856938,127.24533756104532,254.06438407145515,0.9412097918862525,0.5185186127015541
228000238,20,75,장전평왕산주유소,37.33892228931722,127.24938183535264,254.06438407145515,0.9412097918862525,0.5185186127015541
228000238,20,75,장전평왕산주유소,37.3391406266066,127.24945872945558,254.06438407145515,0.9412097918862525,0.5185186127015541
228000238,20,75,장전평왕산주유소,37.33893581654305,127.24937623770865,254.06438407145515,0.9412097918862525,0.5185186127015541
228000238,20,75,장전평왕산주유소,37.339150505836095,127.24948505451964,254.06438407145515,0.9412097918862525,0.5185186127015541
228000238,20,75,장전평왕산주유소,37.339150505836095,127.24948505451964,254.06438407145515,0.9412097918862525,0.5185186127015541
228000238,20,75,장전평왕산주유소,37.33915119605844,127.24947478314652,254.06438407145515,0.9412097918862525,0.5185186127015541
228000238,20,77,왕산초등학교.모현,37.33148259267816,127.24804834114806,254.06438407145515,0.9412097918862525,0.5185186127015541
228000238,20,77,왕산초등학교.모현,37.33152852365854,127.24788750294228,254.06438407145515,0.9412097918862525,0.5185186127015541
228000238,20,77,왕산초등학교.모현,37.33148259267816,127.24804834114806,254.06438407145515,0.9412097918862525,0.5185186127015541
228000238,20,77,왕산초등학교.모현,37.33152852365854,127.24788750294228,254.06438407145515,0.9412097918862525,0.5185186127015541
228000238,20,77,왕산초등학교.모현,37.33152852365854,127.24788750294228,254.06438407145515,0.9412097918862525,0.5185186127015541
228000238,20,77,왕산초등학교.모현,37.331501870338585,127.24795852219616,254.06438407145515,0.9412097918862525,0.5185186127015541
228000238,20,77,왕산초등학교.모현,37.33148973374333,127.24806233037026,254.06438407145515,0.9412097918862525,0.5185186127015541
228000238,20,77,왕산초등학교.모현,37.33148259267816,127.24804834114806,254.06438407145515,0.9412097918862525,0.5185186127015541
228000238,20,77,왕산초등학교.모현,37.33165778598437,127.24798094443392,254.06438407145515,0.9412097918862525,0.5185186127015541
228000238,20,77,왕산초등학교.모현,37.33165778598437,127.24798094443392,254.06438407145515,0.9412097918862525,0.5185186127015541
228000238,20,79,갈담리,37.32087824799914,127.24333143895367,254.06438407145515,0.9412097918862525,0.5185186127015541
228000238,20,79,갈담리,37.32087824799914,127.24333143895367,254.06438407145515,0.9412097918862525,0.5185186127015541
228000238,20,79,갈담리,37.32054237608765,127.24328667562288,254.06438407145515,0.9412097918862525,0.5185186127015541
228000238,20,79,갈담리,37.32054237608765,127.24328667562288,254.06438407145515,0.9412097918862525,0.5185186127015541
228000238,20,79,갈담리,37.32048308268311,127.2433209216173,254.06438407145515,0.9412097918862525,0.5185186127015541
228000238,20,79,갈담리,37.32054237608765,127.24328667562288,254.06438407145515,0.9412097918862525,0.5185186127015541
228000238,20,80,빨래터,37.31523341094237,127.24106828422504,254.06438407145515,0.9412097918862525,0.5185186127015541
228000238,20,80,빨래터,37.31523353114447,127.24108402751963,254.06438407145515,0.9412097918862525,0.5185186127015541
228000238,20,80,빨래터,37.315243553016685,127.24103242773502,254.06438407145515,0.9412097918862525,0.5185186127015541
228000238,20,80,빨래터,37.31488640688256,127.24090119437017,254.06438407145515,0.9412097918862525,0.5185186127015541
228000238,20,81,초부리,37.31103662162023,127.2400734740623,254.06438407145515,0.9412097918862525,0.5185186127015541
228000238,20,81,초부리,37.31099804379728,127.24013214457024,254.06438407145515,0.9412097918862525,0.5185186127015541
228000238,20,81,초부리,37.31103662162023,127.2400734740623,254.06438407145515,0.9412097918862525,0.5185186127015541
228000238,20,81,초부리,37.31108663379331,127.24010217294894,254.06438407145515,0.9412097918862525,0.5185186127015541
228000238,20,83,주식회사경방,37.29820073602299,127.2336489544788,254.06438407145515,0.9412097918862525,0.5185186127015541
228000238,20,83,주식회사경방,37.298219345325,127.23366755189768,254.06438407145515,0.9412097918862525,0.5185186127015541
228000238,20,83,주식회사경방,37.29820073602299,127.2336489544788,254.06438407145515,0.9412097918862525,0.5185186127015541
228000238,20,83,주식회사경방,37.298265579348346,127.23366475344402,254.06438407145515,0.9412097918862525,0.5185186127015541
228000238,20,85,수녀원입구,37.28650513966494,127.23372555742051,254.06438407145515,0.9412097918862525,0.5185186127015541
228000238,20,85,수녀원입구,37.28650513966494,127.23372555742051,254.06438407145515,0.9412097918862525,0.5185186127015541
228000238,20,85,수녀원입구,37.28650513966494,127.23372555742051,254.06438407145515,0.9412097918862525,0.5185186127015541
228000238,20,85,수녀원입구,37.286563432212624,127.23375431567683,254.06438407145515,0.9412097918862525,0.5185186127015541
228000238,20,85,수녀원입구,37.28650513966494,127.23372555742051,254.06438407145515,0.9412097918862525,0.5185186127015541
228000238,20,85,수녀원입구,37.286596403612855,127.23378728425637,254.06438407145515,0.9412097918862525,0.5185186127015541
228000238,20,85,수녀원입구,37.28664826635895,127.23380873780415,254.06438407145515,0.9412097918862525,0.5185186127015541
228000238,20,86,재원아파트,37.28462365098024,127.23287399136628,254.06438407145515,0.9412097918862525,0.5185186127015541
228000238,20,86,재원아파트,37.28462365098024,127.23287399136628,254.06438407145515,0.9412097918862525,0.5185186127015541
228000238,20,86,재원아파트,37.28462365098024,127.23287399136628,254.06438407145515,0.9412097918862525,0.5185186127015541
228000238,20,86,재원아파트,37.28492159003751,127.23318321141494,254.06438407145515,0.9412097918862525,0.5185186127015541
228000238,20,86,재원아파트,37.28492842780126,127.23316364718652,254.06438407145515,0.9412097918862525,0.5185186127015541
228000238,20,86,재원아파트,37.28492842780126,127.23316364718652,254.06438407145515,0.9412097918862525,0.5185186127015541
228000238,20,86,재원아파트,37.28469354095381,127.23307718621888,254.06438407145515,0.9412097918862525,0.5185186127015541
228000238,20,87,포곡우체국,37.28042579520431,127.23237618934304,254.06438407145515,0.9412097918862525,0.5185186127015541
228000238,20,87,포곡우체국,37.28042579520431,127.23237618934304,254.06438407145515,0.9412097918862525,0.5185186127015541
228000238,20,87,포곡우체국,37.2804243567336,127.23236813836589,254.06438407145515,0.9412097918862525,0.5185186127015541
228000238,20,87,포곡우체국,37.280430774154894,127.23242906203993,254.06438407145515,0.9412097918862525,0.5185186127015541
228000238,20,88,대웅경영개발원,37.27722911748055,127.23135156515885,254.06438407145515,0.9412097918862525,0.5185186127015541
228000238,20,88,대웅경영개발원,37.27722911748055,127.23135156515885,254.06438407145515,0.9412097918862525,0.5185186127015541
228000238,20,88,대웅경영개발원,37.277233859387934,127.23135400165413,254.06438407145515,0.9412097918862525,0.5185186127015541
228000238,20,88,대웅경영개발원,37.27722911748055,127.23135156515885,254.06438407145515,0.9412097918862525,0.5185186127015541
228000238,20,88,대웅경영개발원,37.277233859387934,127.23135400165413,254.06438407145515,0.9412097918862525,0.5185186127015541
228000238,20,92,55사단앞.삼성쉐르빌아파트,37.269652240320006,127.2210381300281,254.06438407145515,0.9412097918862525,0.5185186127015541
228000238,20,92,55사단앞.삼성쉐르빌아파트,37.269652240320006,127.2210381300281,254.06438407145515,0.9412097918862525,0.5185186127015541
228000238,20,92,55사단앞.삼성쉐르빌아파트,37.269652240320006,127.2210381300281,254.06438407145515,0.9412097918862525,0.5185186127015541
228000238,20,92,55사단앞.삼성쉐르빌아파트,37.26932734579094,127.22055192893902,254.06438407145515,0.9412097918862525,0.5185186127015541
228000238,20,92,55사단앞.삼성쉐르빌아파트,37.269652240320006,127.2210381300281,254.06438407145515,0.9412097918862525,0.5185186127015541
228000238,20,92,55사단앞.삼성쉐르빌아파트,37.269652240320006,127.2210381300281,254.06438407145515,0.9412097918862525,0.5185186127015541
228000238,20,92,55사단앞.삼성쉐르빌아파트,37.26929321644565,127.22059436298304,254.06438407145515,0.9412097918862525,0.5185186127015541
228000238,20,92,55사단앞.삼성쉐르빌아파트,37.26929321644565,127.22059436298304,254.06438407145515,0.9412097918862525,0.5185186127015541
228000238,20,92,55사단앞.삼성쉐르빌아파트,37.269294897872015,127.22059673437312,254.06438407145515,0.9412097918862525,0.5185186127015541
228000238,20,94,포곡농협둔전지점,37.330912408378,127.247861668329,254.06438407145515,0.9412097918862525,0.5185186127015541
228000238,20,94,포곡농협둔전지점,37.330912408378,127.247861668329,254.06438407145515,0.9412097918862525,0.5185186127015541
228000238,20,94,포곡농협둔전지점,37.330912408378,127.247861668329,254.06438407145515,0.9412097918862525,0.5185186127015541
228000238,20,94,포곡농협둔전지점,37.330912408378,127.247861668329,254.06438407145515,0.9412097918862525,0.5185186127015541
228000238,20,94,포곡농협둔전지점,37.330912408378,127.247861668329,254.06438407145515,0.9412097918862525,0.5185186127015541
228000238,20,94,포곡농협둔전지점,37.330912408378,127.247861668329,254.06438407145515,0.9412097918862525,0.5185186127015541
228000238,20,94,포곡농협둔전지점,37.26651111577812,127.2162667776104,254.06438407145515,0.9412097918862525,0.5185186127015541
228000238,20,94,포곡농협둔전지점,37.26653550561231,127.2163237243554,254.06438407145515,0.9412097918862525,0.5185186127015541
228000238,20,94,포곡농협둔전지점,37.26651111308943,127.21626676971096,254.06438407145515,0.9412097918862525,0.5185186127015541
228000238,20,96,둔전역.인정멜로디아파트,37.2645870610416,127.21237316830836,254.06438407145515,0.9412097918862525,0.5185186127015541
228000238,20,96,둔전역.인정멜로디아파트,37.2645870610416,127.21237316830836,254.06438407145515,0.9412097918862525,0.5185186127015541
228000238,20,96,둔전역.인정멜로디아파트,37.2645870610416,127.21237316830836,254.06438407145515,0.9412097918862525,0.5185186127015541
228000238,20,96,둔전역.인정멜로디아파트,37.26460580490512,127.21234480233387,254.06438407145515,0.9412097918862525,0.5185186127015541
228000238,20,96,둔전역.인정멜로디아파트,37.26463477707891,127.21233971132844,254.06438407145515,0.9412097918862525,0.5185186127015541
228000238,20,97,둔전다리,37.26367028257936,127.21109668762452,254.06438407145515,0.9412097918862525,0.5185186127015541
228000238,20,97,둔전다리,37.263655168619486,127.2110658056384,254.06438407145515,0.9412097918862525,0.5185186127015541
228000238,20,97,둔전다리,37.26367028257936,127.21109668762452,254.06438407145515,0.9412097918862525,0.5185186127015541
228000238,20,98,화원,37.26075074399594,127.2111899970917,254.06438407145515,0.9412097918862525,0.5185186127015541
228000238,20,98,화원,37.26074515242181,127.21118781592268,254.06438407145515,0.9412097918862525,0.5185186127015541
228000238,20,98,화원,37.26075074399594,127.2111899970917,254.06438407145515,0.9412097918862525,0.5185186127015541
228000238,20,99,유림동.방축,37.25588423893834,127.2116836668049,254.06438407145515,0.9412097918862525,0.5185186127015541
228000238,20,99,유림동.방축,37.25588423893834,127.2116836668049,254.06438407145515,0.9412097918862525,0.5185186127015541
228000238,20,99,유림동.방축,37.25588423893834,127.2116836668049,254.06438407145515,0.9412097918862525,0.5185186127015541
228000238,20,99,유림동.방축,37.25588423893834,127.2116836668049,254.06438407145515,0.9412097918862525,0.5185186127015541
228000238,20,99,유림동.방축,37.25586717597731,127.211699252676,254.06438407145515,0.9412097918862525,0.5185186127015541
228000238,20,99,유림동.방축,37.25588423893834,127.2116836668049,254.06438407145515,0.9412097918862525,0.5185186127015541
228000238,20,100,상유곡.버드실,37.2529632998649,127.2115814020707,254.06438407145515,0.9412097918862525,0.5185186127015541
228000238,20,100,상유곡.버드실,37.25318138845674,127.2115295692236,254.06438407145515,0.9412097918862525,0.5185186127015541
228000238,20,100,상유곡.버드실,37.25318138845674,127.2115295692236,254.06438407145515,0.9412097918862525,0.5185186127015541
228000238,20,100,상유곡.버드실,37.25318138845674,127.2115295692236,254.06438407145515,0.9412097918862525,0.5185186127015541
228000238,20,100,상유곡.버드실,37.2529632998649,127.2115814020707,254.06438407145515,0.9412097918862525,0.5185186127015541
228000238,20,100,상유곡.버드실,37.25318138845674,127.2115295692236,254.06438407145515,0.9412097918862525,0.5185186127015541
228000238,20,100,상유곡.버드실,37.25291660226768,127.21160399339004,254.06438407145515,0.9412097918862525,0.5185186127015541
228000238,20,103,고진역입구,37.242960790802215,127.21181939139085,254.06438407145515,0.9412097918862525,0.5185186127015541
228000238,20,103,고진역입구,37.24331429240837,127.21190772687636,254.06438407145515,0.9412097918862525,0.5185186127015541
228000238,20,103,고진역입구,37.24331429240837,127.21190772687636,254.06438407145515,0.9412097918862525,0.5185186127015541
228000238,20,103,고진역입구,37.242960790802215,127.21181939139085,254.06438407145515,0.9412097918862525,0.5185186127015541
228000238,20,103,고진역입구,37.24297586973897,127.2119312068966,254.06438407145515,0.9412097918862525,0.5185186127015541
228000238,20,103,고진역입구,37.24296118346881,127.21170108686816,254.06438407145515,0.9412097918862525,0.5185186127015541
228000238,20,104,운동장.송담대역,37.23468995471558,127.20757875484902,254.06438407145515,0.9412097918862525,0.5185186127015541
228000238,20,104,운동장.송담대역,37.23468995471558,127.20757875484902,254.06438407145515,0.9412097918862525,0.5185186127015541
228000238,20,104,운동장.송담대역,37.23468995471558,127.20757875484902,254.06438407145515,0.9412097918862525,0.5185186127015541
228000238,20,104,운동장.송담대역,37.234699849521554,127.20762065829918,254.06438407145515,0.9412097918862525,0.5185186127015541
228000238,20,104,운동장.송담대역,37.23468995471558,127.20757875484902,254.06438407145515,0.9412097918862525,0.5185186127015541
228000238,20,104,운동장.송담대역,37.23478008115425,127.20762278281197,254.06438407145515,0.9412097918862525,0.5185186127015541
228000238,20,105,용인터미널,37.23021807537541,127.2091102836416,254.06438407145515,0.9412097918862525,0.5185186127015541
228000238,20,105,용인터미널,37.23021807537541,127.2091102836416,254.06438407145515,0.9412097918862525,0.5185186127015541
228000238,20,105,용인터미널,37.23031859686603,127.20912716204596,254.06438407145515,0.9412097918862525,0.5185186127015541
228000238,20,105,용인터미널,37.23021807537541,127.2091102836416,254.06438407145515,0.9412097918862525,0.5185186127015541
228000238,20,105,용인터미널,37.23025729446032,127.20911222871564,254.06438407145515,0.9412097918862525,0.5185186127015541
228000238,20,105,용인터미널,37.23027607804442,127.2091701783166,254.06438407145515,0.9412097918862525,0.5185186127015541
228000238,20,105,용인터미널,37.23027607804442,127.2091701783166,254.06438407145515,0.9412097918862525,0.5185186127015541
228000238,20,105,용인터미널,37.23031067791939,127.21032524283834,254.06438407145515,0.9412097918862525,0.5185186127015541
234000007,5,0,운중동먹거리촌,37.3886375413684,127.0574547791265,399.70190087049207,1.1527071085588743,0.6350338637928246
234000007,5,0,운중동먹거리촌,37.3886375413684,127.0574547791265,399.70190087049207,1.1527071085588743,0.6350338637928246
234000007,5,0,운중동먹거리촌,37.3886375413684,127.0574547791265,399.70190087049207,1.1527071085588743,0.6350338637928246
234000007,5,0,운중동먹거리촌,37.3886375413684,127.0574547791265,399.70190087049207,1.1527071085588743,0.6350338637928246
234000007,5,0,운중동먹거리촌,37.3886375413684,127.0574547791265,399.70190087049207,1.1527071085588743,0.6350338637928246
234000007,5,0,운중동먹거리촌,37.3886375413684,127.0574547791265,399.70190087049207,1.1527071085588743,0.6350338637928246
234000007,5,0,운중동먹거리촌,37.3886375413684,127.0574547791265,399.70190087049207,1.1527071085588743,0.6350338637928246
234000007,5,0,운중동먹거리촌,37.388632661249446,127.05743103239924,399.70190087049207,1.1527071085588743,0.6350338637928246
234000007,5,0,운중동먹거리촌,37.3886375413684,127.0574547791265,399.70190087049207,1.1527071085588743,0.6350338637928246
234000007,5,0,운중동먹거리촌,37.38867051337324,127.05747153246514,399.70190087049207,1.1527071085588743,0.6350338637928246
234000007,5,2,한빛교회.월든힐스아파트,37.38928130469832,127.06313682028023,399.70190087049207,1.1527071085588743,0.6350338637928246
234000007,5,2,한빛교회.월든힐스아파트,37.389263124983,127.06314163249516,399.70190087049207,1.1527071085588743,0.6350338637928246
234000007,5,2,한빛교회.월든힐스아파트,37.38927959428207,127.06311893747636,399.70190087049207,1.1527071085588743,0.6350338637928246
234000007,5,2,한빛교회.월든힐스아파트,37.38927959428207,127.06311893747636,399.70190087049207,1.1527071085588743,0.6350338637928246
234000007,5,2,한빛교회.월든힐스아파트,37.38932622980533,127.06321437405008,399.70190087049207,1.1527071085588743,0.6350338637928246
234000007,5,2,한빛교회.월든힐스아파트,37.38932622980533,127.06321437405008,399.70190087049207,1.1527071085588743,0.6350338637928246
234000007,5,3,운중초등학교,37.38861676767811,127.06580569950712,399.70190087049207,1.1527071085588743,0.6350338637928246
234000007,5,3,운중초등학교,37.38861676767811,127.06580569950712,399.70190087049207,1.1527071085588743,0.6350338637928246
234000007,5,3,운중초등학교,37.38861676767811,127.06580569950712,399.70190087049207,1.1527071085588743,0.6350338637928246
234000007,5,3,운중초등학교,37.38863190184064,127.06581987519954,399.70190087049207,1.1527071085588743,0.6350338637928246
234000007,5,3,운중초등학교,37.38861676803863,127.0658056992816,399.70190087049207,1.1527071085588743,0.6350338637928246
234000007,5,4,운중중학교,37.38882403548673,127.07222554393424,399.70190087049207,1.1527071085588743,0.6350338637928246
234000007,5,4,운중중학교,37.38882403548673,127.07222554393424,399.70190087049207,1.1527071085588743,0.6350338637928246
234000007,5,4,운중중학교,37.38882403548673,127.07222554393424,399.70190087049207,1.1527071085588743,0.6350338637928246
234000007,5,4,운중중학교,37.38882403548673,127.07222554393424,399.70190087049207,1.1527071085588743,0.6350338637928246
234000007,5,4,운중중학교,37.38882403548673,127.07222554393424,399.70190087049207,1.1527071085588743,0.6350338637928246
234000007,5,4,운중중학교,37.3888741343128,127.07229460275224,399.70190087049207,1.1527071085588743,0.6350338637928246
234000007,5,4,운중중학교,37.38883404454522,127.0721966966672,399.70190087049207,1.1527071085588743,0.6350338637928246
234000007,5,4,운중중학교,37.3888741343128,127.07229460275224,399.70190087049207,1.1527071085588743,0.6350338637928246
234000007,5,6,뫼루니육교,37.38806379327928,127.08361994109772,399.70190087049207,1.1527071085588743,0.6350338637928246
234000007,5,6,뫼루니육교,37.38806379327928,127.08361994109772,399.70190087049207,1.1527071085588743,0.6350338637928246
234000007,5,6,뫼루니육교,37.38806379327928,127.08361994109772,399.70190087049207,1.1527071085588743,0.6350338637928246
234000007,5,6,뫼루니육교,37.388332347036766,127.08220414965425,399.70190087049207,1.1527071085588743,0.6350338637928246
234000007,5,6,뫼루니육교,37.38806379327928,127.08361994109772,399.70190087049207,1.1527071085588743,0.6350338637928246
234000007,5,6,뫼루니육교,37.38832038258271,127.08221937197705,399.70190087049207,1.1527071085588743,0.6350338637928246
234000007,5,6,뫼루니육교,37.38833929910839,127.08216038655252,399.70190087049207,1.1527071085588743,0.6350338637928246
234000007,5,9,한림아파트,37.38547738302285,127.09472412348627,399.70190087049207,1.1527071085588743,0.6350338637928246
234000007,5,9,한림아파트,37.38547738302285,127.09472412348627,399.70190087049207,1.1527071085588743,0.6350338637928246
234000007,5,9,한림아파트,37.38555237719157,127.09539932640072,399.70190087049207,1.1527071085588743,0.6350338637928246
234000007,5,9,한림아파트,37.38549297837418,127.094719749377,399.70190087049207,1.1527071085588743,0.6350338637928246
234000007,5,9,한림아파트,37.38548329567292,127.09538600044594,399.70190087049207,1.1527071085588743,0.6350338637928246
234000007,5,14,봇들마을5단지.테크노육교,37.39864094747329,127.11227372006852,399.70190087049207,1.1527071085588743,0.6350338637928246
234000007,5,14,봇들마을5단지.테크노육교,37.39864094747329,127.11227372006852,399.70190087049207,1.1527071085588743,0.6350338637928246
234000007,5,14,봇들마을5단지.테크노육교,37.39864094747329,127.11227372006852,399.70190087049207,1.1527071085588743,0.6350338637928246
234000007,5,14,봇들마을5단지.테크노육교,37.39864094747329,127.11227372006852,399.70190087049207,1.1527071085588743,0.6350338637928246
234000007,5,14,봇들마을5단지.테크노육교,37.39836152489825,127.11235250594592,399.70190087049207,1.1527071085588743,0.6350338637928246
234000007,5,14,봇들마을5단지.테크노육교,72.42645324698253,127.29524833153762,399.70190087049207,1.1527071085588743,0.6350338637928246
234000007,5,14,봇들마을5단지.테크노육교,37.39848358519772,127.11241493770612,399.70190087049207,1.1527071085588743,0.6350338637928246
234000007,5,14,봇들마을5단지.테크노육교,37.39835410665053,127.1123902935274,399.70190087049207,1.1527071085588743,0.6350338637928246
234000007,5,14,봇들마을5단지.테크노육교,37.39870464085471,127.11239595449788,399.70190087049207,1.1527071085588743,0.6350338637928246
234000007,5,15,봇들3단지.판교신미주아파트,37.40115984755313,127.11486303963228,399.70190087049207,1.1527071085588743,0.6350338637928246
234000007,5,15,봇들3단지.판교신미주아파트,37.40115984755313,127.11486303963228,399.70190087049207,1.1527071085588743,0.6350338637928246
234000007,5,15,봇들3단지.판교신미주아파트,37.40115984755313,127.11486303963228,399.70190087049207,1.1527071085588743,0.6350338637928246
234000007,5,15,봇들3단지.판교신미주아파트,37.40115169037715,127.1148822014886,399.70190087049207,1.1527071085588743,0.6350338637928246
234000007,5,15,봇들3단지.판교신미주아파트,37.40115984791321,127.11486303997164,399.70190087049207,1.1527071085588743,0.6350338637928246
234000007,5,15,봇들3단지.판교신미주아파트,37.40115984791332,127.1148630398587,399.70190087049207,1.1527071085588743,0.6350338637928246
234000007,5,19,경남아너스빌,37.40459317626821,127.12818247124024,399.70190087049207,1.1527071085588743,0.6350338637928246
234000007,5,19,경남아너스빌,37.40459317626821,127.12818247124024,399.70190087049207,1.1527071085588743,0.6350338637928246
234000007,5,19,경남아너스빌,37.4046319237362,127.12816834218673,399.70190087049207,1.1527071085588743,0.6350338637928246
234000007,5,19,경남아너스빌,37.40459317626821,127.12818247124024,399.70190087049207,1.1527071085588743,0.6350338637928246
234000007,5,21,성남시청전면,37.41539629177644,127.128279953,399.70190087049207,1.1527071085588743,0.6350338637928246
234000007,5,21,성남시청전면,37.41539629177644,127.128279953,399.70190087049207,1.1527071085588743,0.6350338637928246
234000007,5,21,성남시청전면,37.41539629177644,127.128279953,399.70190087049207,1.1527071085588743,0.6350338637928246
234000007,5,21,성남시청전면,37.41539629177644,127.128279953,399.70190087049207,1.1527071085588743,0.6350338637928246
234000007,5,21,성남시청전면,37.41537535126982,127.12824002920824,399.70190087049207,1.1527071085588743,0.6350338637928246
234000007,5,21,성남시청전면,37.41539629177644,127.128279953,399.70190087049207,1.1527071085588743,0.6350338637928246
234000007,5,21,성남시청전면,37.41539629177644,127.128279953,399.70190087049207,1.1527071085588743,0.6350338637928246
234000007,5,21,성남시청전면,37.41675755347888,127.12829363888736,399.70190087049207,1.1527071085588743,0.6350338637928246
234000007,5,21,성남시청전면,37.41666107759926,127.12829719084394,399.70190087049207,1.1527071085588743,0.6350338637928246
234000007,5,21,성남시청전면,37.41666107759926,127.12829719084394,399.70190087049207,1.1527071085588743,0.6350338637928246
234000007,5,22,모란역4번출구,37.428201162594206,127.12875768759264,399.70190087049207,1.1527071085588743,0.6350338637928246
234000007,5,22,모란역4번출구,37.42819921052176,127.12877631715068,399.70190087049207,1.1527071085588743,0.6350338637928246
234000007,5,22,모란역4번출구,37.42819921052176,127.12877631715068,399.70190087049207,1.1527071085588743,0.6350338637928246
234000007,5,22,모란역4번출구,37.42819921052176,127.12877631715068,399.70190087049207,1.1527071085588743,0.6350338637928246
234000007,5,22,모란역4번출구,37.42819921052176,127.12877631715068,399.70190087049207,1.1527071085588743,0.6350338637928246
234000007,5,22,모란역4번출구,37.42819921052176,127.12877631715068,399.70190087049207,1.1527071085588743,0.6350338637928246
234000007,5,22,모란역4번출구,37.42819921052176,127.12877631715068,399.70190087049207,1.1527071085588743,0.6350338637928246
234000007,5,22,모란역4번출구,37.42819921052176,127.12877631715068,399.70190087049207,1.1527071085588743,0.6350338637928246
234000007,5,22,모란역4번출구,37.42819921052176,127.12877631715068,399.70190087049207,1.1527071085588743,0.6350338637928246
234000007,5,22,모란역4번출구,37.42832498336099,127.12875982259956,399.70190087049207,1.1527071085588743,0.6350338637928246
234000007,5,22,모란역4번출구,37.42832498336099,127.12875982259956,399.70190087049207,1.1527071085588743,0.6350338637928246
234000007,5,23,모란고개,37.43430018126843,127.12776985331688,399.70190087049207,1.1527071085588743,0.6350338637928246
234000007,5,23,모란고개,37.43430018126843,127.12776985331688,399.70190087049207,1.1527071085588743,0.6350338637928246
234000007,5,23,모란고개,37.43430018126843,127.12776985331688,399.70190087049207,1.1527071085588743,0.6350338637928246
234000007,5,23,모란고개,37.43427871849897,127.12775538341496,399.70190087049207,1.1527071085588743,0.6350338637928246
234000007,5,23,모란고개,37.43430018126843,127.12776985331688,399.70190087049207,1.1527071085588743,0.6350338637928246
234000007,5,24,성남수정경찰서,37.439102729509806,127.12681503790137,399.70190087049207,1.1527071085588743,0.6350338637928246
234000007,5,24,성남수정경찰서,37.439184711801296,127.126815176243,399.70190087049207,1.1527071085588743,0.6350338637928246
234000007,5,24,성남수정경찰서,37.43918468487124,127.12684027417632,399.70190087049207,1.1527071085588743,0.6350338637928246
234000007,5,24,성남수정경찰서,37.43918468487124,127.12684027417632,399.70190087049207,1.1527071085588743,0.6350338637928246
234000007,5,24,성남수정경찰서,37.43910023507807,127.12688847324922,399.70190087049207,1.1527071085588743,0.6350338637928246
234000007,5,26,가천대역.가천대학교,37.44624123409203,127.12605382923624,399.70190087049207,1.1527071085588743,0.6350338637928246
234000007,5,26,가천대역.가천대학교,37.44622244020593,127.1260610946669,399.70190087049207,1.1527071085588743,0.6350338637928246
234000007,5,26,가천대역.가천대학교,37.44622244020593,127.1260610946669,399.70190087049207,1.1527071085588743,0.6350338637928246
234000007,5,26,가천대역.가천대학교,37.44622244020593,127.1260610946669,399.70190087049207,1.1527071085588743,0.6350338637928246
234000007,5,26,가천대역.가천대학교,37.44622436549854,127.12617187340425,399.70190087049207,1.1527071085588743,0.6350338637928246
234000007,5,26,가천대역.가천대학교,37.44622814439188,127.12612793750112,399.70190087049207,1.1527071085588743,0.6350338637928246
234000007,5,26,가천대역.가천대학교,37.44620056990948,127.12617338844088,399.70190087049207,1.1527071085588743,0.6350338637928246
234000007,5,26,가천대역.가천대학교,37.44620056990948,127.12617338844088,399.70190087049207,1.1527071085588743,0.6350338637928246
234000007,5,27,복우물.웃말입구,37.450631407162085,127.12595877681017,399.70190087049207,1.1527071085588743,0.6350338637928246
234000007,5,27,복우물.웃말입구,37.4506195104488,127.12594415643268,399.70190087049207,1.1527071085588743,0.6350338637928246
234000007,5,27,복우물.웃말입구,37.45062071321453,127.1260642438478,399.70190087049207,1.1527071085588743,0.6350338637928246
234000007,5,27,복우물.웃말입구,37.45059511557246,127.1260666465382,399.70190087049207,1.1527071085588743,0.6350338637928246
234000007,5,27,복우물.웃말입구,37.45059511557246,127.1260666465382,399.70190087049207,1.1527071085588743,0.6350338637928246
234000007,5,28,동서울대학교,37.456342210863184,127.12535218999592,399.70190087049207,1.1527071085588743,0.6350338637928246
234000007,5,28,동서울대학교,37.456314561210014,127.12533207535289,399.70190087049207,1.1527071085588743,0.6350338637928246
234000007,5,28,동서울대학교,37.456314561210014,127.12533207535289,399.70190087049207,1.1527071085588743,0.6350338637928246
234000007,5,28,동서울대학교,37.45630193684026,127.12533319582538,399.70190087049207,1.1527071085588743,0.6350338637928246
234000007,5,29,복정초등학교,37.4590667341388,127.12542364899396,399.70190087049207,1.1527071085588743,0.6350338637928246
234000007,5,29,복정초등학교,37.45908056729994,127.12542711379696,399.70190087049207,1.1527071085588743,0.6350338637928246
234000007,5,29,복정초등학교,37.45908056729994,127.12542711379696,399.70190087049207,1.1527071085588743,0.6350338637928246
234000007,5,29,복정초등학교,37.45908056729994,127.12542711379696,399.70190087049207,1.1527071085588743,0.6350338637928246
234000007,5,29,복정초등학교,37.45906355137976,127.1254571168834,399.70190087049207,1.1527071085588743,0.6350338637928246
234000007,5,59,동서울대학교,37.45762133779071,127.12504038929148,399.70190087049207,1.1527071085588743,0.6350338637928246
234000007,5,59,동서울대학교,37.45763904266597,127.12501910889796,399.70190087049207,1.1527071085588743,0.6350338637928246
234000007,5,59,동서울대학교,37.45762562747341,127.12482478971708,399.70190087049207,1.1527071085588743,0.6350338637928246
234000007,5,59,동서울대학교,37.45762556643837,127.124875740476,399.70190087049207,1.1527071085588743,0.6350338637928246
234000007,5,59,동서울대학교,37.45770610568458,127.12487784104364,399.70190087049207,1.1527071085588743,0.6350338637928246
234000007,5,60,복우물.웃말입구,37.451369058027815,127.1256018865291,399.70190087049207,1.1527071085588743,0.6350338637928246
234000007,5,60,복우물.웃말입구,37.45134070444056,127.12558371357368,399.70190087049207,1.1527071085588743,0.6350338637928246
234000007,5,60,복우물.웃말입구,37.45133958265336,127.12550315823472,399.70190087049207,1.1527071085588743,0.6350338637928246
234000007,5,60,복우물.웃말입구,37.45139029991008,127.12548690759009,399.70190087049207,1.1527071085588743,0.6350338637928246
234000007,5,60,복우물.웃말입구,37.45139029991008,127.12548690759009,399.70190087049207,1.1527071085588743,0.6350338637928246
234000007,5,63,성남수정경찰서앞,37.43784159944766,127.12660085489088,399.70190087049207,1.1527071085588743,0.6350338637928246
234000007,5,63,성남수정경찰서앞,37.437824409161415,127.12660068694838,399.70190087049207,1.1527071085588743,0.6350338637928246
234000007,5,63,성남수정경찰서앞,37.437824409161415,127.12660068694838,399.70190087049207,1.1527071085588743,0.6350338637928246
234000007,5,63,성남수정경찰서앞,37.43793465713251,127.12654031805998,399.70190087049207,1.1527071085588743,0.6350338637928246
234000007,5,63,성남수정경찰서앞,37.43794386629463,127.12660016500232,399.70190087049207,1.1527071085588743,0.6350338637928246
234000007,5,64,모란고개,37.43372401999032,127.12731691490345,399.70190087049207,1.1527071085588743,0.6350338637928246
234000007,5,64,모란고개,37.4337195445149,127.12732707414074,399.70190087049207,1.1527071085588743,0.6350338637928246
234000007,5,64,모란고개,37.43371954361511,127.1273270730093,399.70190087049207,1.1527071085588743,0.6350338637928246
234000007,5,64,모란고개,37.43383440898064,127.127300875398,399.70190087049207,1.1527071085588743,0.6350338637928246
234000007,5,64,모란고개,37.43383440898064,127.127300875398,399.70190087049207,1.1527071085588743,0.6350338637928246
234000007,5,68,야탑역.종합버스터미널(전면),37.408945692542765,127.1276364192055,399.70190087049207,1.1527071085588743,0.6350338637928246
234000007,5,68,야탑역.종합버스터미널(전면),37.408945692542765,127.1276364192055,399.70190087049207,1.1527071085588743,0.6350338637928246
234000007,5,68,야탑역.종합버스터미널(전면),37.408945692542765,127.1276364192055,399.70190087049207,1.1527071085588743,0.6350338637928246
234000007,5,68,야탑역.종합버스터미널(전면),37.408939040434646,127.12766301501657,399.70190087049207,1.1527071085588743,0.6350338637928246
234000007,5,68,야탑역.종합버스터미널(전면),37.40897409452516,127.12776484465766,399.70190087049207,1.1527071085588743,0.6350338637928246
234000007,5,68,야탑역.종합버스터미널(전면),37.4089416814913,127.1277104143788,399.70190087049207,1.1527071085588743,0.6350338637928246
234000007,5,68,야탑역.종합버스터미널(전면),37.4089416814913,127.1277104143788,399.70190087049207,1.1527071085588743,0.6350338637928246
234000007,5,68,야탑역.종합버스터미널(전면),37.4089416814913,127.1277104143788,399.70190087049207,1.1527071085588743,0.6350338637928246
234000007,5,68,야탑역.종합버스터미널(전면),37.40868865442635,127.12774050905398,399.70190087049207,1.1527071085588743,0.6350338637928246
234000007,5,68,야탑역.종합버스터미널(전면),37.40868865442635,127.12774050905398,399.70190087049207,1.1527071085588743,0.6350338637928246
234000007,5,68,야탑역.종합버스터미널(전면),37.40868865442635,127.12774050905398,399.70190087049207,1.1527071085588743,0.6350338637928246
234000007,5,68,야탑역.종합버스터미널(전면),37.40868865442635,127.12774050905398,399.70190087049207,1.1527071085588743,0.6350338637928246
234000007,5,71,탑마을대우아파트,37.40280724336736,127.1214593013182,399.70190087049207,1.1527071085588743,0.6350338637928246
234000007,5,71,탑마을대우아파트,37.40280724336736,127.1214593013182,399.70190087049207,1.1527071085588743,0.6350338637928246
234000007,5,71,탑마을대우아파트,37.40281431877047,127.12161300490172,399.70190087049207,1.1527071085588743,0.6350338637928246
234000007,5,71,탑마을대우아파트,37.40280724336736,127.1214593013182,399.70190087049207,1.1527071085588743,0.6350338637928246
234000007,5,72,송현초등학교.판교이지더원2단지,37.40245111230796,127.1170266876054,399.70190087049207,1.1527071085588743,0.6350338637928246
234000007,5,72,송현초등학교.판교이지더원2단지,37.40245111230796,127.1170266876054,399.70190087049207,1.1527071085588743,0.6350338637928246
234000007,5,72,송현초등학교.판교이지더원2단지,37.40245111230796,127.1170266876054,399.70190087049207,1.1527071085588743,0.6350338637928246
234000007,5,72,송현초등학교.판교이지더원2단지,37.40245111230796,127.1170266876054,399.70190087049207,1.1527071085588743,0.6350338637928246
234000007,5,72,송현초등학교.판교이지더원2단지,37.40249531482161,127.11724590152916,399.70190087049207,1.1527071085588743,0.6350338637928246
234000007,5,72,송현초등학교.판교이지더원2단지,37.40245111257837,127.11702668749288,399.70190087049207,1.1527071085588743,0.6350338637928246
234000007,5,75,웰츠타워,37.39508030789873,127.11211297008786,399.70190087049207,1.1527071085588743,0.6350338637928246
234000007,5,75,웰츠타워,37.39508030789873,127.11211297008786,399.70190087049207,1.1527071085588743,0.6350338637928246
234000007,5,75,웰츠타워,37.39508030789873,127.11211297008786,399.70190087049207,1.1527071085588743,0.6350338637928246
234000007,5,75,웰츠타워,37.39508030789873,127.11211297008786,399.70190087049207,1.1527071085588743,0.6350338637928246
234000007,5,75,웰츠타워,37.39509927173663,127.112067879494,399.70190087049207,1.1527071085588743,0.6350338637928246
234000007,5,75,웰츠타워,37.39498097205011,127.11206982422016,399.70190087049207,1.1527071085588743,0.6350338637928246
234000007,5,75,웰츠타워,37.39498097205011,127.11206982422016,399.70190087049207,1.1527071085588743,0.6350338637928246
234000007,5,75,웰츠타워,37.39497001649488,127.11199377672548,399.70190087049207,1.1527071085588743,0.6350338637928246
234000007,5,76,판교역북편,37.39354940900593,127.11043727301292,399.70190087049207,1.1527071085588743,0.6350338637928246
234000007,5,76,판교역북편,37.39354940900593,127.11043727301292,399.70190087049207,1.1527071085588743,0.6350338637928246
234000007,5,76,판교역북편,37.39358321174948,127.11033437709192,399.70190087049207,1.1527071085588743,0.6350338637928246
234000007,5,76,판교역북편,37.39363976896678,127.11044047376387,399.70190087049207,1.1527071085588743,0.6350338637928246
234000007,5,76,판교역북편,37.39357586126735,127.11040671911034,399.70190087049207,1.1527071085588743,0.6350338637928246
234000007,5,77,화랑공원남편,37.392989671870765,127.10568798553976,399.70190087049207,1.1527071085588743,0.6350338637928246
234000007,5,77,화랑공원남편,37.39475339476036,127.106082008094,399.70190087049207,1.1527071085588743,0.6350338637928246
234000007,5,77,화랑공원남편,37.39526962406287,127.10603312221322,399.70190087049207,1.1527071085588743,0.6350338637928246
234000007,5,77,화랑공원남편,37.39526962406287,127.10603312221322,399.70190087049207,1.1527071085588743,0.6350338637928246
234000007,5,77,화랑공원남편,37.39304620823266,127.10580292695072,399.70190087049207,1.1527071085588743,0.6350338637928246
234000007,5,77,화랑공원남편,37.394383976277176,127.10608148747669,399.70190087049207,1.1527071085588743,0.6350338637928246
234000007,5,77,화랑공원남편,37.39526962406287,127.10603312221322,399.70190087049207,1.1527071085588743,0.6350338637928246
234000007,5,77,화랑공원남편,37.39526962406287,127.10603312221322,399.70190087049207,1.1527071085588743,0.6350338637928246
234000007,5,77,화랑공원남편,37.39274718089794,127.10556469671928,399.70190087049207,1.1527071085588743,0.6350338637928246
234000007,5,77,화랑공원남편,37.39274718089794,127.10556469671928,399.70190087049207,1.1527071085588743,0.6350338637928246
234000007,5,77,화랑공원남편,37.39275237086419,127.10555653363804,399.70190087049207,1.1527071085588743,0.6350338637928246
234000007,5,78,너더리육교,37.38556463357527,127.09896090610997,399.70190087049207,1.1527071085588743,0.6350338637928246
234000007,5,78,너더리육교,37.38556463357527,127.09896090610997,399.70190087049207,1.1527071085588743,0.6350338637928246
234000007,5,78,너더리육교,37.38556463357527,127.09896090610997,399.70190087049207,1.1527071085588743,0.6350338637928246
234000007,5,78,너더리육교,37.38556463357527,127.09896090610997,399.70190087049207,1.1527071085588743,0.6350338637928246
234000007,5,78,너더리육교,37.38556463357527,127.09896090610997,399.70190087049207,1.1527071085588743,0.6350338637928246
234000007,5,78,너더리육교,37.38565774446531,127.09883910342324,399.70190087049207,1.1527071085588743,0.6350338637928246
234000007,5,78,너더리육교,37.38556867991274,127.09901491647426,399.70190087049207,1.1527071085588743,0.6350338637928246
234000007,5,78,너더리육교,37.38565774446531,127.09883910342324,399.70190087049207,1.1527071085588743,0.6350338637928246
234000007,5,81,판교원마을1.2단지.판교도서관,37.38783222072746,127.08546419442028,399.70190087049207,1.1527071085588743,0.6350338637928246
234000007,5,81,판교원마을1.2단지.판교도서관,37.38774661136943,127.08548103535928,399.70190087049207,1.1527071085588743,0.6350338637928246
234000007,5,81,판교원마을1.2단지.판교도서관,37.38774661136943,127.08548103535928,399.70190087049207,1.1527071085588743,0.6350338637928246
234000007,5,81,판교원마을1.2단지.판교도서관,37.38774661136943,127.08548103535928,399.70190087049207,1.1527071085588743,0.6350338637928246
234000007,5,81,판교원마을1.2단지.판교도서관,37.38783222072746,127.08546419442028,399.70190087049207,1.1527071085588743,0.6350338637928246
234000007,5,81,판교원마을1.2단지.판교도서관,37.38774661136943,127.08548103535928,399.70190087049207,1.1527071085588743,0.6350338637928246
234000007,5,81,판교원마을1.2단지.판교도서관,37.38774661136943,127.08548103535928,399.70190087049207,1.1527071085588743,0.6350338637928246
234000007,5,81,판교원마을1.2단지.판교도서관,37.38774661136943,127.08548103535928,399.70190087049207,1.1527071085588743,0.6350338637928246
234000007,5,81,판교원마을1.2단지.판교도서관,37.38774661136943,127.08548103535928,399.70190087049207,1.1527071085588743,0.6350338637928246
234000007,5,81,판교원마을1.2단지.판교도서관,37.38774661136943,127.08548103535928,399.70190087049207,1.1527071085588743,0.6350338637928246
234000007,5,81,판교원마을1.2단지.판교도서관,37.38783222072746,127.08546419442028,399.70190087049207,1.1527071085588743,0.6350338637928246
234000007,5,81,판교원마을1.2단지.판교도서관,37.38783222072746,127.08546419442028,399.70190087049207,1.1527071085588743,0.6350338637928246
234000007,5,81,판교원마을1.2단지.판교도서관,37.38774661136943,127.08548103535928,399.70190087049207,1.1527071085588743,0.6350338637928246
234000007,5,81,판교원마을1.2단지.판교도서관,37.387103859123,127.08829212155528,399.70190087049207,1.1527071085588743,0.6350338637928246
234000007,5,81,판교원마을1.2단지.판교도서관,37.38775799237117,127.08551568108406,399.70190087049207,1.1527071085588743,0.6350338637928246
234000007,5,81,판교원마을1.2단지.판교도서관,37.3871750575676,127.0883192030654,399.70190087049207,1.1527071085588743,0.6350338637928246
234000007,5,85,운중초등학교,37.38887706818753,127.06599790403276,399.70190087049207,1.1527071085588743,0.6350338637928246
234000007,5,85,운중초등학교,37.38887706818753,127.06599790403276,399.70190087049207,1.1527071085588743,0.6350338637928246
234000007,5,85,운중초등학교,37.38886984880181,127.0659745430806,399.70190087049207,1.1527071085588743,0.6350338637928246
234000007,5,85,운중초등학교,37.38887706827765,127.06599790403284,399.70190087049207,1.1527071085588743,0.6350338637928246
234000007,5,85,운중초등학교,37.3888757283462,127.06602876908651,399.70190087049207,1.1527071085588743,0.6350338637928246
234000007,5,87,운중동푸르지오하임,37.38925786469015,127.06023315950442,399.70190087049207,1.1527071085588743,0.6350338637928246
234000007,5,87,운중동푸르지오하임,37.38925786469015,127.06023315950442,399.70190087049207,1.1527071085588743,0.6350338637928246
234000007,5,87,운중동푸르지오하임,37.38925786469015,127.06023315950442,399.70190087049207,1.1527071085588743,0.6350338637928246
234000007,5,87,운중동푸르지오하임,37.38925786469015,127.06023315950442,399.70190087049207,1.1527071085588743,0.6350338637928246
234000007,5,87,운중동푸르지오하임,37.38925786469015,127.06023315950442,399.70190087049207,1.1527071085588743,0.6350338637928246
234000007,5,87,운중동푸르지오하임,37.38925786469015,127.06023315950442,399.70190087049207,1.1527071085588743,0.6350338637928246
234000007,5,87,운중동푸르지오하임,37.38925786469015,127.06023315950442,399.70190087049207,1.1527071085588743,0.6350338637928246
234000007,5,87,운중동푸르지오하임,37.38925786469015,127.06023315950442,399.70190087049207,1.1527071085588743,0.6350338637928246
234000007,5,87,운중동푸르지오하임,37.38925786469015,127.06023315950442,399.70190087049207,1.1527071085588743,0.6350338637928246
234000007,5,87,운중동푸르지오하임,37.38925786469015,127.06023315950442,399.70190087049207,1.1527071085588743,0.6350338637928246
234000007,5,87,운중동푸르지오하임,37.38925786469015,127.06023315950442,399.70190087049207,1.1527071085588743,0.6350338637928246
234000007,5,87,운중동푸르지오하임,37.38925786469015,127.06023315950442,399.70190087049207,1.1527071085588743,0.6350338637928246
234000007,5,87,운중동푸르지오하임,37.38925786469015,127.06023315950442,399.70190087049207,1.1527071085588743,0.6350338637928246
234000007,5,87,운중동푸르지오하임,37.38931076703658,127.0602744458713,399.70190087049207,1.1527071085588743,0.6350338637928246
234000007,5,87,운중동푸르지오하임,37.38925786469015,127.06023315950442,399.70190087049207,1.1527071085588743,0.6350338637928246
234000026,720-2,5,남산공단입구,37.1966392334834,126.98378048327844,1760.5787476280834,0.6013016486102486,0.3312609997689267
234000026,720-2,5,남산공단입구,37.19666864510289,126.9837897480206,1760.5787476280834,0.6013016486102486,0.3312609997689267
234000026,720-2,5,남산공단입구,37.19651168925844,126.98371952866331,1760.5787476280834,0.6013016486102486,0.3312609997689267
234000026,720-2,5,남산공단입구,37.19651168925844,126.98371952866331,1760.5787476280834,0.6013016486102486,0.3312609997689267
234000026,720-2,5,남산공단입구,37.19666864510289,126.9837897480206,1760.5787476280834,0.6013016486102486,0.3312609997689267
234000026,720-2,12,와우농협앞,37.215036944552,126.9739636091512,1760.5787476280834,0.6013016486102486,0.3312609997689267
234000026,720-2,12,와우농협앞,37.215036944552,126.9739636091512,1760.5787476280834,0.6013016486102486,0.3312609997689267
234000026,720-2,12,와우농협앞,37.21528955163933,126.97385559320328,1760.5787476280834,0.6013016486102486,0.3312609997689267
234000026,720-2,12,와우농협앞,37.21528955163933,126.97385559320328,1760.5787476280834,0.6013016486102486,0.3312609997689267
234000026,720-2,12,와우농협앞,37.21528955163933,126.97385559320328,1760.5787476280834,0.6013016486102486,0.3312609997689267
234000026,720-2,12,와우농협앞,37.21528955163933,126.97385559320328,1760.5787476280834,0.6013016486102486,0.3312609997689267
234000026,720-2,13,신일해피트리1차,37.21976728187777,126.97319582802731,1760.5787476280834,0.6013016486102486,0.3312609997689267
234000026,720-2,13,신일해피트리1차,37.21976728187777,126.97319582802731,1760.5787476280834,0.6013016486102486,0.3312609997689267
234000026,720-2,13,신일해피트리1차,37.21976728187777,126.97319582802731,1760.5787476280834,0.6013016486102486,0.3312609997689267
234000026,720-2,13,신일해피트리1차,37.21976728187777,126.97319582802731,1760.5787476280834,0.6013016486102486,0.3312609997689267
234000026,720-2,13,신일해피트리1차,37.21973799970304,126.97320428862838,1760.5787476280834,0.6013016486102486,0.3312609997689267
234000026,720-2,13,신일해피트리1차,37.21973876789147,126.97318258701358,1760.5787476280834,0.6013016486102486,0.3312609997689267
234000026,720-2,13,신일해피트리1차,37.21973123992487,126.97319584078028,1760.5787476280834,0.6013016486102486,0.3312609997689267
234000026,720-2,13,신일해피트리1차,37.21973876789147,126.97318258701358,1760.5787476280834,0.6013016486102486,0.3312609997689267
234000026,720-2,13,신일해피트리1차,37.219743706617365,126.97317894715498,1760.5787476280834,0.6013016486102486,0.3312609997689267
234000026,720-2,14,우림그린빌리지,37.22182132959541,126.97171908535674,1760.5787476280834,0.6013016486102486,0.3312609997689267
234000026,720-2,14,우림그린빌리지,37.22182132959541,126.97171908535674,1760.5787476280834,0.6013016486102486,0.3312609997689267
234000026,720-2,14,우림그린빌리지,37.22182132959541,126.97171908535674,1760.5787476280834,0.6013016486102486,0.3312609997689267
234000026,720-2,14,우림그린빌리지,37.22182214429503,126.97167070440791,1760.5787476280834,0.6013016486102486,0.3312609997689267
234000026,720-2,14,우림그린빌리지,37.22182214429503,126.97167070440791,1760.5787476280834,0.6013016486102486,0.3312609997689267
234000026,720-2,14,우림그린빌리지,37.22182132959541,126.97171908535674,1760.5787476280834,0.6013016486102486,0.3312609997689267
234000026,720-2,17,국립축산과학원,37.23337109783565,126.96544919964956,1760.5787476280834,0.6013016486102486,0.3312609997689267
234000026,720-2,17,국립축산과학원,37.23337109783565,126.96544919964956,1760.5787476280834,0.6013016486102486,0.3312609997689267
234000026,720-2,17,국립축산과학원,37.23337109783565,126.96544919964956,1760.5787476280834,0.6013016486102486,0.3312609997689267
234000026,720-2,17,국립축산과학원,37.23335371244341,126.96545333654902,1760.5787476280834,0.6013016486102486,0.3312609997689267
234000026,720-2,17,국립축산과학원,37.23338235252946,126.9655162462884,1760.5787476280834,0.6013016486102486,0.3312609997689267
234000026,720-2,17,국립축산과학원,37.23338235252946,126.9655162462884,1760.5787476280834,0.6013016486102486,0.3312609997689267
234000026,720-2,20,청구1차아파트,37.23724384690737,126.96721394067114,1760.5787476280834,0.6013016486102486,0.3312609997689267
234000026,720-2,20,청구1차아파트,37.23732762664064,126.96881700552152,1760.5787476280834,0.6013016486102486,0.3312609997689267
234000026,720-2,20,청구1차아파트,37.23732762664064,126.96881700552152,1760.5787476280834,0.6013016486102486,0.3312609997689267
234000026,720-2,20,청구1차아파트,37.23732762664064,126.96881700552152,1760.5787476280834,0.6013016486102486,0.3312609997689267
234000026,720-2,20,청구1차아파트,37.23732762664064,126.96881700552152,1760.5787476280834,0.6013016486102486,0.3312609997689267
234000026,720-2,20,청구1차아파트,37.23732762664064,126.96881700552152,1760.5787476280834,0.6013016486102486,0.3312609997689267
234000026,720-2,20,청구1차아파트,37.23725789732416,126.96721865203796,1760.5787476280834,0.6013016486102486,0.3312609997689267
234000026,720-2,20,청구1차아파트,37.23728884638974,126.96722491129472,1760.5787476280834,0.6013016486102486,0.3312609997689267
234000026,720-2,20,청구1차아파트,37.237241901550334,126.96721069249054,1760.5787476280834,0.6013016486102486,0.3312609997689267
234000026,720-2,22,고색체육공원,37.24205539457857,126.97603791885898,1760.5787476280834,0.6013016486102486,0.3312609997689267
234000026,720-2,22,고색체육공원,37.24205539457857,126.97603791885898,1760.5787476280834,0.6013016486102486,0.3312609997689267
234000026,720-2,22,고색체육공원,37.24203615907522,126.97602152755636,1760.5787476280834,0.6013016486102486,0.3312609997689267
234000026,720-2,22,고색체육공원,37.242003035900986,126.9760579422457,1760.5787476280834,0.6013016486102486,0.3312609997689267
234000026,720-2,22,고색체육공원,37.242003027790666,126.97605793774014,1760.5787476280834,0.6013016486102486,0.3312609997689267
234000026,720-2,24,도로교통관리사업소,37.24785339584823,126.9754401174264,1760.5787476280834,0.6013016486102486,0.3312609997689267
234000026,720-2,24,도로교통관리사업소,37.24785339584823,126.9754401174264,1760.5787476280834,0.6013016486102486,0.3312609997689267
234000026,720-2,24,도로교통관리사업소,37.24785339584823,126.9754401174264,1760.5787476280834,0.6013016486102486,0.3312609997689267
234000026,720-2,24,도로교통관리사업소,37.24757747695536,126.97554409974256,1760.5787476280834,0.6013016486102486,0.3312609997689267
234000026,720-2,24,도로교통관리사업소,37.24785339584823,126.9754401174264,1760.5787476280834,0.6013016486102486,0.3312609997689267
234000026,720-2,24,도로교통관리사업소,37.24785339584823,126.9754401174264,1760.5787476280834,0.6013016486102486,0.3312609997689267
234000026,720-2,26,우방아파트,37.26592800129517,126.97393482484576,1760.5787476280834,0.6013016486102486,0.3312609997689267
234000026,720-2,26,우방아파트,37.26592800129517,126.97393482484576,1760.5787476280834,0.6013016486102486,0.3312609997689267
234000026,720-2,26,우방아파트,37.26592062259059,126.97391812854246,1760.5787476280834,0.6013016486102486,0.3312609997689267
234000026,720-2,26,우방아파트,37.26592800129517,126.97393482484576,1760.5787476280834,0.6013016486102486,0.3312609997689267
234000026,720-2,26,우방아파트,37.26592800129517,126.97393482484576,1760.5787476280834,0.6013016486102486,0.3312609997689267
234000026,720-2,27,탑골1길,37.26646922878277,126.97683204221876,1760.5787476280834,0.6013016486102486,0.3312609997689267
234000026,720-2,27,탑골1길,37.26644168129429,126.9767817632437,1760.5787476280834,0.6013016486102486,0.3312609997689267
234000026,720-2,27,탑골1길,37.26646922878277,126.97683204221876,1760.5787476280834,0.6013016486102486,0.3312609997689267
234000026,720-2,28,탑동사거리,37.26617228279613,126.9789629004747,1760.5787476280834,0.6013016486102486,0.3312609997689267
234000026,720-2,28,탑동사거리,37.26617228279613,126.9789629004747,1760.5787476280834,0.6013016486102486,0.3312609997689267
234000026,720-2,28,탑동사거리,37.26617989769344,126.9789589152868,1760.5787476280834,0.6013016486102486,0.3312609997689267
234000026,720-2,28,탑동사거리,37.26619665491938,126.97899246289204,1760.5787476280834,0.6013016486102486,0.3312609997689267
234000026,720-2,28,탑동사거리,37.26617228279613,126.9789629004747,1760.5787476280834,0.6013016486102486,0.3312609997689267
234000026,720-2,29,경기상상캠퍼스.푸른지대,37.26320809659033,126.98037290737516,1760.5787476280834,0.6013016486102486,0.3312609997689267
234000026,720-2,29,경기상상캠퍼스.푸른지대,37.26320550113414,126.98038647678368,1760.5787476280834,0.6013016486102486,0.3312609997689267
234000026,720-2,29,경기상상캠퍼스.푸른지대,37.26320809659033,126.98037290737516,1760.5787476280834,0.6013016486102486,0.3312609997689267
234000026,720-2,29,경기상상캠퍼스.푸른지대,37.26320809659033,126.98037290737516,1760.5787476280834,0.6013016486102486,0.3312609997689267
234000026,720-2,33,센트라우스.서수원검사소,37.266651549770295,126.99395715065975,1760.5787476280834,0.6013016486102486,0.3312609997689267
234000026,720-2,33,센트라우스.서수원검사소,37.26666520385857,126.9939866783632,1760.5787476280834,0.6013016486102486,0.3312609997689267
234000026,720-2,33,센트라우스.서수원검사소,37.266651549770295,126.99395715065975,1760.5787476280834,0.6013016486102486,0.3312609997689267
234000026,720-2,33,센트라우스.서수원검사소,37.26666520385857,126.9939866783632,1760.5787476280834,0.6013016486102486,0.3312609997689267
234000026,720-2,33,센트라우스.서수원검사소,37.26670231870326,126.99411284139704,1760.5787476280834,0.6013016486102486,0.3312609997689267
234000026,720-2,33,센트라우스.서수원검사소,37.26670231870326,126.99411284139704,1760.5787476280834,0.6013016486102486,0.3312609997689267
234000026,720-2,33,센트라우스.서수원검사소,37.26670231870326,126.99411284139704,1760.5787476280834,0.6013016486102486,0.3312609997689267
234000026,720-2,33,센트라우스.서수원검사소,37.26670231870326,126.99411284139704,1760.5787476280834,0.6013016486102486,0.3312609997689267
234000026,720-2,38,가족여성회관.이춘택병원.수원농협,37.26884046847116,127.01347278726745,1760.5787476280834,0.6013016486102486,0.3312609997689267
234000026,720-2,40,2001아울렛,37.27255155773598,127.02158006727156,1760.5787476280834,0.6013016486102486,0.3312609997689267
234000026,720-2,40,2001아울렛,37.27255155773598,127.02158006727156,1760.5787476280834,0.6013016486102486,0.3312609997689267
234000026,720-2,40,2001아울렛,37.27255155773598,127.02158006727156,1760.5787476280834,0.6013016486102486,0.3312609997689267
234000026,720-2,40,2001아울렛,37.27255155773598,127.02158006727156,1760.5787476280834,0.6013016486102486,0.3312609997689267
234000026,720-2,40,2001아울렛,37.27255155773598,127.02158006727156,1760.5787476280834,0.6013016486102486,0.3312609997689267
234000026,720-2,40,2001아울렛,37.27250170785193,127.021539381296,1760.5787476280834,0.6013016486102486,0.3312609997689267
234000026,720-2,40,2001아울렛,37.27255155773598,127.02158006727156,1760.5787476280834,0.6013016486102486,0.3312609997689267
234000026,720-2,44,인계선경아파트,37.27407086748539,127.03580965005057,1760.5787476280834,0.6013016486102486,0.3312609997689267
234000026,720-2,44,인계선경아파트,37.27407086748539,127.03580965005057,1760.5787476280834,0.6013016486102486,0.3312609997689267
234000026,720-2,44,인계선경아파트,37.27407086748539,127.03580965005057,1760.5787476280834,0.6013016486102486,0.3312609997689267
234000026,720-2,44,인계선경아파트,37.27402301931815,127.03579544334768,1760.5787476280834,0.6013016486102486,0.3312609997689267
234000026,720-2,44,인계선경아파트,37.27411142282901,127.03578148154872,1760.5787476280834,0.6013016486102486,0.3312609997689267
234000026,720-2,44,인계선경아파트,37.274137795499335,127.03583770260067,1760.5787476280834,0.6013016486102486,0.3312609997689267
234000026,720-2,47,아주대.아주대병원입구,37.27594258334021,127.04315079427214,1760.5787476280834,0.6013016486102486,0.3312609997689267
234000026,720-2,47,아주대.아주대병원입구,37.27594258334021,127.04315079427214,1760.5787476280834,0.6013016486102486,0.3312609997689267
234000026,720-2,47,아주대.아주대병원입구,37.275939727136,127.04315053781876,1760.5787476280834,0.6013016486102486,0.3312609997689267
234000026,720-2,47,아주대.아주대병원입구,37.275939727136,127.04315053781876,1760.5787476280834,0.6013016486102486,0.3312609997689267
234000026,720-2,47,아주대.아주대병원입구,37.27594258334021,127.04315079427214,1760.5787476280834,0.6013016486102486,0.3312609997689267
234000026,720-2,47,아주대.아주대병원입구,37.27594258334021,127.04315079427214,1760.5787476280834,0.6013016486102486,0.3312609997689267
234000026,720-2,47,아주대.아주대병원입구,37.27597407400912,127.04315268395682,1760.5787476280834,0.6013016486102486,0.3312609997689267
234000026,720-2,51,경기도경제과학진흥원,37.28757490426388,127.04378499631896,1760.5787476280834,0.6013016486102486,0.3312609997689267
234000026,720-2,51,경기도경제과학진흥원,37.288387489879504,127.04444440909064,1760.5787476280834,0.6013016486102486,0.3312609997689267
234000026,720-2,51,경기도경제과학진흥원,37.28748472202263,127.0436310216327,1760.5787476280834,0.6013016486102486,0.3312609997689267
234000026,720-2,51,경기도경제과학진흥원,37.28748472202263,127.0436310216327,1760.5787476280834,0.6013016486102486,0.3312609997689267
234000026,720-2,51,경기도경제과학진흥원,37.287417121269314,127.04369300648108,1760.5787476280834,0.6013016486102486,0.3312609997689267
234000026,720-2,51,경기도경제과학진흥원,37.28748472202263,127.0436310216327,1760.5787476280834,0.6013016486102486,0.3312609997689267
234000026,720-2,51,경기도경제과학진흥원,37.287417121269314,127.04369300648108,1760.5787476280834,0.6013016486102486,0.3312609997689267
234000026,720-2,51,경기도경제과학진흥원,37.288209465375,127.04453034808134,1760.5787476280834,0.6013016486102486,0.3312609997689267
234000026,720-2,51,경기도경제과학진흥원,37.28757490426388,127.04378499631896,1760.5787476280834,0.6013016486102486,0.3312609997689267
234000026,720-2,51,경기도경제과학진흥원,37.28806719120724,127.04471015308144,1760.5787476280834,0.6013016486102486,0.3312609997689267
234000026,720-2,51,경기도경제과학진흥원,37.28806719120724,127.04471015308144,1760.5787476280834,0.6013016486102486,0.3312609997689267
234000026,720-2,56,상현마을현대2차아이파크,37.29921179834894,127.07131604124538,1760.5787476280834,0.6013016486102486,0.3312609997689267
234000026,720-2,56,상현마을현대2차아이파크,37.29921179834894,127.07131604124538,1760.5787476280834,0.6013016486102486,0.3312609997689267
234000026,720-2,56,상현마을현대2차아이파크,37.29921179834894,127.07131604124538,1760.5787476280834,0.6013016486102486,0.3312609997689267
234000026,720-2,56,상현마을현대2차아이파크,37.29921179834894,127.07131604124538,1760.5787476280834,0.6013016486102486,0.3312609997689267
234000026,720-2,56,상현마을현대2차아이파크,37.29936459483792,127.07213887957052,1760.5787476280834,0.6013016486102486,0.3312609997689267
234000026,720-2,56,상현마을현대2차아이파크,37.29936459483792,127.07213887957052,1760.5787476280834,0.6013016486102486,0.3312609997689267
234000026,720-2,56,상현마을현대2차아이파크,37.29936459483792,127.07213887957052,1760.5787476280834,0.6013016486102486,0.3312609997689267
234000026,720-2,56,상현마을현대2차아이파크,37.29976301500373,127.07285260831809,1760.5787476280834,0.6013016486102486,0.3312609997689267
234000026,720-2,56,상현마을현대2차아이파크,37.29983450747898,127.07277835031108,1760.5787476280834,0.6013016486102486,0.3312609997689267
234000026,720-2,56,상현마을현대2차아이파크,37.29967397180246,127.07263428592444,1760.5787476280834,0.6013016486102486,0.3312609997689267
234000026,720-2,56,상현마을현대2차아이파크,37.29936459483792,127.07213887957052,1760.5787476280834,0.6013016486102486,0.3312609997689267
234000026,720-2,56,상현마을현대2차아이파크,37.29949159884082,127.072283288067,1760.5787476280834,0.6013016486102486,0.3312609997689267
234000026,720-2,56,상현마을현대2차아이파크,37.29976301500373,127.07285260831809,1760.5787476280834,0.6013016486102486,0.3312609997689267
234000026,720-2,56,상현마을현대2차아이파크,37.29913135242549,127.07122106082036,1760.5787476280834,0.6013016486102486,0.3312609997689267
234000026,720-2,60,원희캐슬.센트럴아이파크,37.30401544061706,127.08338969058464,1760.5787476280834,0.6013016486102486,0.3312609997689267
234000026,720-2,60,원희캐슬.센트럴아이파크,37.30401544061706,127.08338969058464,1760.5787476280834,0.6013016486102486,0.3312609997689267
234000026,720-2,60,원희캐슬.센트럴아이파크,37.30401544061706,127.08338969058464,1760.5787476280834,0.6013016486102486,0.3312609997689267
234000026,720-2,60,원희캐슬.센트럴아이파크,37.30376092004494,127.08335839090364,1760.5787476280834,0.6013016486102486,0.3312609997689267
234000026,720-2,60,원희캐슬.센트럴아이파크,37.30378092797047,127.08328867854638,1760.5787476280834,0.6013016486102486,0.3312609997689267
234000026,720-2,60,원희캐슬.센트럴아이파크,37.30407558093483,127.08345774788545,1760.5787476280834,0.6013016486102486,0.3312609997689267
234000026,720-2,60,원희캐슬.센트럴아이파크,37.30407558093483,127.08345774788545,1760.5787476280834,0.6013016486102486,0.3312609997689267
234000026,720-2,65,이마트,37.31571165493343,127.08265394200538,1760.5787476280834,0.6013016486102486,0.3312609997689267
234000026,720-2,65,이마트,37.31572945509178,127.08259037560418,1760.5787476280834,0.6013016486102486,0.3312609997689267
234000026,720-2,65,이마트,37.31571165493343,127.08265394200538,1760.5787476280834,0.6013016486102486,0.3312609997689267
234000026,720-2,65,이마트,37.31567961253101,127.08273750803085,1760.5787476280834,0.6013016486102486,0.3312609997689267
234000026,720-2,65,이마트,37.31568877592112,127.08259890600598,1760.5787476280834,0.6013016486102486,0.3312609997689267
234000026,720-2,65,이마트,37.315711120776,127.08252203152703,1760.5787476280834,0.6013016486102486,0.3312609997689267
234000026,720-2,65,이마트,37.315661968288026,127.08272618698844,1760.5787476280834,0.6013016486102486,0.3312609997689267
234000026,720-2,66,정평공원.진흥아파트,37.31533156577409,127.0846205626622,1760.5787476280834,0.6013016486102486,0.3312609997689267
234000026,720-2,66,정평공원.진흥아파트,37.31533156577409,127.0846205626622,1760.5787476280834,0.6013016486102486,0.3312609997689267
234000026,720-2,66,정평공원.진흥아파트,37.31533156577409,127.0846205626622,1760.5787476280834,0.6013016486102486,0.3312609997689267
234000026,720-2,66,정평공원.진흥아파트,37.31533156577409,127.0846205626622,1760.5787476280834,0.6013016486102486,0.3312609997689267
234000026,720-2,66,정평공원.진흥아파트,37.31537807848277,127.0845909767209,1760.5787476280834,0.6013016486102486,0.3312609997689267
234000026,720-2,66,정평공원.진흥아파트,37.31537807848277,127.0845909767209,1760.5787476280834,0.6013016486102486,0.3312609997689267
234000026,720-2,66,정평공원.진흥아파트,37.31533156577409,127.0846205626622,1760.5787476280834,0.6013016486102486,0.3312609997689267
234000026,720-2,66,정평공원.진흥아파트,37.31533156577409,127.0846205626622,1760.5787476280834,0.6013016486102486,0.3312609997689267
234000026,720-2,70,주공아파트,37.31886667936961,127.0925668870846,1760.5787476280834,0.6013016486102486,0.3312609997689267
234000026,720-2,70,주공아파트,37.31886667936961,127.0925668870846,1760.5787476280834,0.6013016486102486,0.3312609997689267
234000026,720-2,70,주공아파트,37.31886667936961,127.0925668870846,1760.5787476280834,0.6013016486102486,0.3312609997689267
234000026,720-2,70,주공아파트,37.31891299021062,127.09249490413694,1760.5787476280834,0.6013016486102486,0.3312609997689267
234000026,720-2,70,주공아파트,37.31883959893037,127.09256557903522,1760.5787476280834,0.6013016486102486,0.3312609997689267
234000026,720-2,70,주공아파트,37.31883959893046,127.0925655789224,1760.5787476280834,0.6013016486102486,0.3312609997689267
234000026,720-2,71,수지구청역,37.31954148543306,127.093797437817,1760.5787476280834,0.6013016486102486,0.3312609997689267
234000026,720-2,71,수지구청역,37.31954148543306,127.093797437817,1760.5787476280834,0.6013016486102486,0.3312609997689267
234000026,720-2,71,수지구청역,37.31954148543306,127.093797437817,1760.5787476280834,0.6013016486102486,0.3312609997689267
234000026,720-2,71,수지구청역,37.31954148543306,127.093797437817,1760.5787476280834,0.6013016486102486,0.3312609997689267
234000026,720-2,71,수지구청역,37.31956597885604,127.09368289750668,1760.5787476280834,0.6013016486102486,0.3312609997689267
234000026,720-2,71,수지구청역,37.31956597885604,127.09368289750668,1760.5787476280834,0.6013016486102486,0.3312609997689267
234000026,720-2,71,수지구청역,37.319515775610526,127.09374252638789,1760.5787476280834,0.6013016486102486,0.3312609997689267
234000026,720-2,73,동보아파트.수지파크푸르지오,37.32242982557414,127.09868626129337,1760.5787476280834,0.6013016486102486,0.3312609997689267
234000026,720-2,73,동보아파트.수지파크푸르지오,37.322491931966205,127.0987078702695,1760.5787476280834,0.6013016486102486,0.3312609997689267
234000026,720-2,73,동보아파트.수지파크푸르지오,37.32242982557414,127.09868626129337,1760.5787476280834,0.6013016486102486,0.3312609997689267
234000026,720-2,73,동보아파트.수지파크푸르지오,37.32242982557414,127.09868626129337,1760.5787476280834,0.6013016486102486,0.3312609997689267
234000026,720-2,75,용인포은아트홀,37.32198467879859,127.10398945474635,1760.5787476280834,0.6013016486102486,0.3312609997689267
234000026,720-2,75,용인포은아트홀,37.32198377875826,127.10398832528344,1760.5787476280834,0.6013016486102486,0.3312609997689267
234000026,720-2,75,용인포은아트홀,37.32198467879859,127.10398945474635,1760.5787476280834,0.6013016486102486,0.3312609997689267
234000026,720-2,75,용인포은아트홀,37.32201783018389,127.10398674191832,1760.5787476280834,0.6013016486102486,0.3312609997689267
234000026,720-2,75,용인포은아트홀,37.32190482886848,127.1040370527038,1760.5787476280834,0.6013016486102486,0.3312609997689267
234000026,720-2,79,농수산물센터,37.33414304531283,127.10826858100612,1760.5787476280834,0.6013016486102486,0.3312609997689267
234000026,720-2,79,농수산물센터,37.33428790010934,127.10841735402958,1760.5787476280834,0.6013016486102486,0.3312609997689267
234000026,720-2,79,농수산물센터,37.33429251115556,127.1083883211072,1760.5787476280834,0.6013016486102486,0.3312609997689267
234000026,720-2,79,농수산물센터,37.33428790010934,127.10841735402958,1760.5787476280834,0.6013016486102486,0.3312609997689267
234000026,720-2,80,오리역,37.33734089283854,127.10825652610112,1760.5787476280834,0.6013016486102486,0.3312609997689267
234000026,720-2,80,오리역,37.33733341115856,127.10838787770555,1760.5787476280834,0.6013016486102486,0.3312609997689267
234000026,720-2,80,오리역,37.33733341115856,127.10838787770555,1760.5787476280834,0.6013016486102486,0.3312609997689267
234000026,720-2,80,오리역,37.33733341115856,127.10838787770555,1760.5787476280834,0.6013016486102486,0.3312609997689267
234000026,720-2,80,오리역,37.33732738993061,127.10832648915247,1760.5787476280834,0.6013016486102486,0.3312609997689267
234000026,720-2,80,오리역,37.33733341115856,127.10838787770555,1760.5787476280834,0.6013016486102486,0.3312609997689267
234000026,720-2,82,까치마을.건영빌라.2001아울렛,37.34434401973527,127.1082501769344,1760.5787476280834,0.6013016486102486,0.3312609997689267
234000026,720-2,82,까치마을.건영빌라.2001아울렛,37.3447218990014,127.10834206830091,1760.5787476280834,0.6013016486102486,0.3312609997689267
234000026,720-2,82,까치마을.건영빌라.2001아울렛,37.3447218990014,127.10834206830091,1760.5787476280834,0.6013016486102486,0.3312609997689267
234000026,720-2,82,까치마을.건영빌라.2001아울렛,37.34434401973527,127.1082501769344,1760.5787476280834,0.6013016486102486,0.3312609997689267
234000026,720-2,82,까치마을.건영빌라.2001아울렛,37.34434401973527,127.1082501769344,1760.5787476280834,0.6013016486102486,0.3312609997689267
234000026,720-2,82,까치마을.건영빌라.2001아울렛,37.3447218990014,127.10834206830091,1760.5787476280834,0.6013016486102486,0.3312609997689267
234000026,720-2,82,까치마을.건영빌라.2001아울렛,37.34473109138423,127.1083577211337,1760.5787476280834,0.6013016486102486,0.3312609997689267
234000026,720-2,82,까치마을.건영빌라.2001아울렛,37.3447218990014,127.10834206830091,1760.5787476280834,0.6013016486102486,0.3312609997689267
234000026,720-2,83,미금역,37.34715319614508,127.10994817250445,1760.5787476280834,0.6013016486102486,0.3312609997689267
234000026,720-2,83,미금역,37.34715319614508,127.10994817250445,1760.5787476280834,0.6013016486102486,0.3312609997689267
234000026,720-2,83,미금역,37.34713948259729,127.10987822451284,1760.5787476280834,0.6013016486102486,0.3312609997689267
234000026,720-2,83,미금역,37.34714931017541,127.1099412045099,1760.5787476280834,0.6013016486102486,0.3312609997689267
234000026,720-2,83,미금역,37.34715637543356,127.10985650993726,1760.5787476280834,0.6013016486102486,0.3312609997689267
234000026,720-2,86,이마트,37.35529019691994,127.11853831938087,1760.5787476280834,0.6013016486102486,0.3312609997689267
234000026,720-2,86,이마트,37.3552670890662,127.1185644885494,1760.5787476280834,0.6013016486102486,0.3312609997689267
234000026,720-2,86,이마트,37.35529050932599,127.11845131918956,1760.5787476280834,0.6013016486102486,0.3312609997689267
234000026,720-2,87,정자3동행정복지센터,37.3575969481712,127.11841778392066,1760.5787476280834,0.6013016486102486,0.3312609997689267
234000026,720-2,87,정자3동행정복지센터,37.3575969481712,127.11841778392066,1760.5787476280834,0.6013016486102486,0.3312609997689267
234000026,720-2,87,정자3동행정복지센터,37.3575969481712,127.11841778392066,1760.5787476280834,0.6013016486102486,0.3312609997689267
234000026,720-2,87,정자3동행정복지센터,37.35756573738078,127.11839178255096,1760.5787476280834,0.6013016486102486,0.3312609997689267
234000026,720-2,87,정자3동행정복지센터,37.35759973220264,127.1184746166208,1760.5787476280834,0.6013016486102486,0.3312609997689267
234000026,720-2,87,정자3동행정복지센터,37.35759973220264,127.1184746166208,1760.5787476280834,0.6013016486102486,0.3312609997689267
234000026,720-2,90,푸른마을,37.3672339424591,127.12233892126132,1760.5787476280834,0.6013016486102486,0.3312609997689267
234000026,720-2,90,푸른마을,37.36728070332367,127.12239695832344,1760.5787476280834,0.6013016486102486,0.3312609997689267
234000026,720-2,90,푸른마을,37.36720513778358,127.1223744190182,1760.5787476280834,0.6013016486102486,0.3312609997689267
234000026,720-2,91,샛별마을.우방아파트,37.37031991565554,127.1266565059888,1760.5787476280834,0.6013016486102486,0.3312609997689267
234000026,720-2,91,샛별마을.우방아파트,37.37031991565554,127.1266565059888,1760.5787476280834,0.6013016486102486,0.3312609997689267
234000026,720-2,91,샛별마을.우방아파트,37.37031991565554,127.1266565059888,1760.5787476280834,0.6013016486102486,0.3312609997689267
234000026,720-2,91,샛별마을.우방아파트,37.37033557878638,127.12667444869744,1760.5787476280834,0.6013016486102486,0.3312609997689267
234000026,720-2,91,샛별마을.우방아파트,37.37031991565554,127.1266565059888,1760.5787476280834,0.6013016486102486,0.3312609997689267
234000026,720-2,93,서현고등학교,37.37885765811762,127.12186100701892,1760.5787476280834,0.6013016486102486,0.3312609997689267
234000026,720-2,93,서현고등학교,37.37884331241892,127.1218492436983,1760.5787476280834,0.6013016486102486,0.3312609997689267
234000026,720-2,93,서현고등학교,37.37888644285531,127.12190674034784,1760.5787476280834,0.6013016486102486,0.3312609997689267
234000026,720-2,93,서현고등학교,37.3788864428552,127.12190674046074,1760.5787476280834,0.6013016486102486,0.3312609997689267
234000026,720-2,93,서현고등학교,37.37799007125216,127.12292292698214,1760.5787476280834,0.6013016486102486,0.3312609997689267
234000026,720-2,94,서현역.AK플라자,37.381270440112814,127.12375052510885,1760.5787476280834,0.6013016486102486,0.3312609997689267
234000026,720-2,94,서현역.AK플라자,37.381270440112814,127.12375052510885,1760.5787476280834,0.6013016486102486,0.3312609997689267
234000026,720-2,94,서현역.AK플라자,37.381270440112814,127.12375052510885,1760.5787476280834,0.6013016486102486,0.3312609997689267
234000026,720-2,94,서현역.AK플라자,37.381270440112814,127.12375052510885,1760.5787476280834,0.6013016486102486,0.3312609997689267
234000026,720-2,94,서현역.AK플라자,37.381270440112814,127.12375052510885,1760.5787476280834,0.6013016486102486,0.3312609997689267
234000026,720-2,94,서현역.AK플라자,37.38125966412149,127.12370636145856,1760.5787476280834,0.6013016486102486,0.3312609997689267
234000026,720-2,94,서현역.AK플라자,37.381249362773474,127.12377864256987,1760.5787476280834,0.6013016486102486,0.3312609997689267
234000026,720-2,94,서현역.AK플라자,37.381249362773474,127.12377864256987,1760.5787476280834,0.6013016486102486,0.3312609997689267
234000026,720-2,94,서현역.AK플라자,37.38124910123242,127.12377887586575,1760.5787476280834,0.6013016486102486,0.3312609997689267
234000026,720-2,95,이매촌한신.서현역.AK프라자,37.38575751696089,127.12376919097896,1760.5787476280834,0.6013016486102486,0.3312609997689267
234000026,720-2,95,이매촌한신.서현역.AK프라자,37.38575751696089,127.12376919097896,1760.5787476280834,0.6013016486102486,0.3312609997689267
234000026,720-2,95,이매촌한신.서현역.AK프라자,37.38575751696089,127.12376919097896,1760.5787476280834,0.6013016486102486,0.3312609997689267
234000026,720-2,95,이매촌한신.서현역.AK프라자,37.38575751696089,127.12376919097896,1760.5787476280834,0.6013016486102486,0.3312609997689267
234000026,720-2,95,이매촌한신.서현역.AK프라자,37.38575751696089,127.12376919097896,1760.5787476280834,0.6013016486102486,0.3312609997689267
234000026,720-2,95,이매촌한신.서현역.AK프라자,37.38575751696089,127.12376919097896,1760.5787476280834,0.6013016486102486,0.3312609997689267
234000026,720-2,95,이매촌한신.서현역.AK프라자,37.38575751696089,127.12376919097896,1760.5787476280834,0.6013016486102486,0.3312609997689267
234000026,720-2,95,이매촌한신.서현역.AK프라자,37.38578147809206,127.12376897517063,1760.5787476280834,0.6013016486102486,0.3312609997689267
234000026,720-2,95,이매촌한신.서현역.AK프라자,37.38575751696089,127.12376919097896,1760.5787476280834,0.6013016486102486,0.3312609997689267
234000026,720-2,97,백현마을4단지상가,37.38528630249324,127.11294531777308,1760.5787476280834,0.6013016486102486,0.3312609997689267
234000026,720-2,97,백현마을4단지상가,37.385307079912224,127.11002079650594,1760.5787476280834,0.6013016486102486,0.3312609997689267
234000026,720-2,97,백현마을4단지상가,37.38533761572171,127.1140978035558,1760.5787476280834,0.6013016486102486,0.3312609997689267
234000026,720-2,97,백현마을4단지상가,37.38533203126912,127.11397418495154,1760.5787476280834,0.6013016486102486,0.3312609997689267
234000026,720-2,97,백현마을4단지상가,37.38528630249324,127.11294531777308,1760.5787476280834,0.6013016486102486,0.3312609997689267
234000026,720-2,97,백현마을4단지상가,37.385178220960434,127.11407573598628,1760.5787476280834,0.6013016486102486,0.3312609997689267
234000026,720-2,97,백현마을4단지상가,37.38544815848041,127.11407901992402,1760.5787476280834,0.6013016486102486,0.3312609997689267
234000026,720-2,97,백현마을4단지상가,37.38539395618707,127.1140284603127,1760.5787476280834,0.6013016486102486,0.3312609997689267
234000026,720-2,97,백현마을4단지상가,37.3853809372139,127.11404443757571,1760.5787476280834,0.6013016486102486,0.3312609997689267
234000026,720-2,98,신백현초등학교,37.38375049300957,127.11188438356744,1760.5787476280834,0.6013016486102486,0.3312609997689267
234000026,720-2,98,신백현초등학교,37.38375049300957,127.11188438356744,1760.5787476280834,0.6013016486102486,0.3312609997689267
234000026,720-2,98,신백현초등학교,37.38375049300957,127.11188438356744,1760.5787476280834,0.6013016486102486,0.3312609997689267
234000026,720-2,98,신백현초등학교,37.383745850654655,127.1118724908126,1760.5787476280834,0.6013016486102486,0.3312609997689267
234000026,720-2,98,신백현초등학교,37.38375865404517,127.1117411335104,1760.5787476280834,0.6013016486102486,0.3312609997689267
234000026,720-2,99,신백현중학교.단독택지,37.382587018263074,127.11028157484613,1760.5787476280834,0.6013016486102486,0.3312609997689267
234000026,720-2,99,신백현중학교.단독택지,37.382587018263074,127.11028157484613,1760.5787476280834,0.6013016486102486,0.3312609997689267
234000026,720-2,99,신백현중학교.단독택지,37.3825924805708,127.1102506167903,1760.5787476280834,0.6013016486102486,0.3312609997689267
234000026,720-2,99,신백현중학교.단독택지,37.382587282410896,127.11027204345578,1760.5787476280834,0.6013016486102486,0.3312609997689267
234000026,720-2,102,백현동행정복지센터,37.38536215515503,127.10892558045848,1760.5787476280834,0.6013016486102486,0.3312609997689267
234000026,720-2,102,백현동행정복지센터,37.38514138655532,127.10894502154596,1760.5787476280834,0.6013016486102486,0.3312609997689267
234000026,720-2,102,백현동행정복지센터,37.38514375672094,127.10896113222364,1760.5787476280834,0.6013016486102486,0.3312609997689267
234000026,720-2,102,백현동행정복지센터,37.385128010135496,127.10943452391626,1760.5787476280834,0.6013016486102486,0.3312609997689267
234000026,720-2,102,백현동행정복지센터,37.38511843508367,127.10922299616732,1760.5787476280834,0.6013016486102486,0.3312609997689267
234000026,720-2,102,백현동행정복지센터,37.38514138655532,127.10894502154596,1760.5787476280834,0.6013016486102486,0.3312609997689267
234000026,720-2,102,백현동행정복지센터,37.38512665915955,127.10945358660187,1760.5787476280834,0.6013016486102486,0.3312609997689267
234000026,720-2,102,백현동행정복지센터,37.385086994599625,127.10943964808948,1760.5787476280834,0.6013016486102486,0.3312609997689267
234000026,720-2,102,백현동행정복지센터,37.385086994599625,127.10943964808948,1760.5787476280834,0.6013016486102486,0.3312609997689267
234000026,720-2,103,백현마을4단지상가,37.3851900940176,127.10986254190324,1760.5787476280834,0.6013016486102486,0.3312609997689267
234000026,720-2,103,백현마을4단지상가,37.38518706059412,127.11308066919496,1760.5787476280834,0.6013016486102486,0.3312609997689267
234000026,720-2,103,백현마을4단지상가,37.38518706059412,127.11308066919496,1760.5787476280834,0.6013016486102486,0.3312609997689267
234000026,720-2,103,백현마을4단지상가,37.3851546058911,127.11403759077288,1760.5787476280834,0.6013016486102486,0.3312609997689267
234000026,720-2,103,백현마을4단지상가,37.38515105362923,127.1140466309358,1760.5787476280834,0.6013016486102486,0.3312609997689267
234000026,720-2,103,백현마을4단지상가,37.38514710374711,127.1140975148793,1760.5787476280834,0.6013016486102486,0.3312609997689267
234000026,720-2,103,백현마을4단지상가,37.38547323479665,127.11414957919104,1760.5787476280834,0.6013016486102486,0.3312609997689267
234000026,720-2,103,백현마을4단지상가,37.38520359464834,127.11413552780483,1760.5787476280834,0.6013016486102486,0.3312609997689267
234000026,720-2,103,백현마을4단지상가,37.38517733324032,127.11412451699412,1760.5787476280834,0.6013016486102486,0.3312609997689267
234000026,720-2,104,백현마을3.4단지.화랑초등학교,37.3873104755565,127.11617504550436,1760.5787476280834,0.6013016486102486,0.3312609997689267
234000026,720-2,104,백현마을3.4단지.화랑초등학교,37.3873104755565,127.11617504550436,1760.5787476280834,0.6013016486102486,0.3312609997689267
234000026,720-2,104,백현마을3.4단지.화랑초등학교,37.38732443393615,127.11616100803728,1760.5787476280834,0.6013016486102486,0.3312609997689267
234000026,720-2,104,백현마을3.4단지.화랑초등학교,37.3873104755565,127.11617504550436,1760.5787476280834,0.6013016486102486,0.3312609997689267
234000026,720-2,104,백현마을3.4단지.화랑초등학교,37.3873104755565,127.11617504550436,1760.5787476280834,0.6013016486102486,0.3312609997689267
234000026,720-2,104,백현마을3.4단지.화랑초등학교,37.3872856176338,127.11617831006066,1760.5787476280834,0.6013016486102486,0.3312609997689267
234000026,720-2,104,백현마을3.4단지.화랑초등학교,37.38731045135119,127.116175838166,1760.5787476280834,0.6013016486102486,0.3312609997689267
234000026,720-2,104,백현마을3.4단지.화랑초등학교,37.387309245435326,127.11621837329945,1760.5787476280834,0.6013016486102486,0.3312609997689267
234000026,720-2,105,백현마을3단지,37.38915942965792,127.11747554619124,1760.5787476280834,0.6013016486102486,0.3312609997689267
234000026,720-2,105,백현마을3단지,37.38889815562605,127.11881705788804,1760.5787476280834,0.6013016486102486,0.3312609997689267
234000026,720-2,105,백현마을3단지,37.38910436930711,127.11739501036946,1760.5787476280834,0.6013016486102486,0.3312609997689267
234000026,720-2,105,백현마을3단지,37.38912152713656,127.11747247844808,1760.5787476280834,0.6013016486102486,0.3312609997689267
234000026,720-2,105,백현마을3단지,37.38904726282535,127.11739558643944,1760.5787476280834,0.6013016486102486,0.3312609997689267
234000026,720-2,107,서현역.AK플라자,37.38156803709024,127.12350260891306,1760.5787476280834,0.6013016486102486,0.3312609997689267
234000026,720-2,107,서현역.AK플라자,37.38156803709024,127.12350260891306,1760.5787476280834,0.6013016486102486,0.3312609997689267
234000026,720-2,107,서현역.AK플라자,37.38156803709024,127.12350260891306,1760.5787476280834,0.6013016486102486,0.3312609997689267
234000026,720-2,107,서현역.AK플라자,37.38156803709024,127.12350260891306,1760.5787476280834,0.6013016486102486,0.3312609997689267
234000026,720-2,107,서현역.AK플라자,37.38156803709024,127.12350260891306,1760.5787476280834,0.6013016486102486,0.3312609997689267
234000026,720-2,107,서현역.AK플라자,37.38156803709024,127.12350260891306,1760.5787476280834,0.6013016486102486,0.3312609997689267
234000026,720-2,107,서현역.AK플라자,37.381489822791686,127.123523781484,1760.5787476280834,0.6013016486102486,0.3312609997689267
234000026,720-2,107,서현역.AK플라자,37.38156803709024,127.12350260891306,1760.5787476280834,0.6013016486102486,0.3312609997689267
234000026,720-2,107,서현역.AK플라자,37.38158089961564,127.12351601792142,1760.5787476280834,0.6013016486102486,0.3312609997689267
234000026,720-2,107,서현역.AK플라자,37.38154485978009,127.12353479469591,1760.5787476280834,0.6013016486102486,0.3312609997689267
234000026,720-2,107,서현역.AK플라자,37.38154485978021,127.123534794583,1760.5787476280834,0.6013016486102486,0.3312609997689267
234000026,720-2,107,서현역.AK플라자,37.38153250007,127.1235032281026,1760.5787476280834,0.6013016486102486,0.3312609997689267
234000026,720-2,107,서현역.AK플라자,37.38153250007,127.1235032281026,1760.5787476280834,0.6013016486102486,0.3312609997689267
234000026,720-2,107,서현역.AK플라자,37.381547297772805,127.12348319929993,1760.5787476280834,0.6013016486102486,0.3312609997689267
234000026,720-2,110,중앙공원.샛별마을우방아파트,37.36979866909526,127.12539121893556,1760.5787476280834,0.6013016486102486,0.3312609997689267
234000026,720-2,110,중앙공원.샛별마을우방아파트,37.36979866909526,127.12539121893556,1760.5787476280834,0.6013016486102486,0.3312609997689267
234000026,720-2,110,중앙공원.샛별마을우방아파트,37.36979866909526,127.12539121893556,1760.5787476280834,0.6013016486102486,0.3312609997689267
234000026,720-2,110,중앙공원.샛별마을우방아파트,37.369812112360265,127.12541334705224,1760.5787476280834,0.6013016486102486,0.3312609997689267
234000026,720-2,110,중앙공원.샛별마을우방아파트,37.36979866909526,127.12539121893556,1760.5787476280834,0.6013016486102486,0.3312609997689267
234000026,720-2,111,푸른마을,37.36761236099877,127.12235082474233,1760.5787476280834,0.6013016486102486,0.3312609997689267
234000026,720-2,111,푸른마을,37.36759003896205,127.12232558455892,1760.5787476280834,0.6013016486102486,0.3312609997689267
234000026,720-2,111,푸른마을,37.36761236099877,127.12235082474233,1760.5787476280834,0.6013016486102486,0.3312609997689267
234000026,720-2,112,한솔초등학교,37.36519201424608,127.11900544181356,1760.5787476280834,0.6013016486102486,0.3312609997689267
234000026,720-2,112,한솔초등학교,37.365168218565486,127.1189969625516,1760.5787476280834,0.6013016486102486,0.3312609997689267
234000026,720-2,112,한솔초등학교,37.36519201424608,127.11900544181356,1760.5787476280834,0.6013016486102486,0.3312609997689267
234000026,720-2,114,정든마을.우성아파트,37.35976883771243,127.11800354471076,1760.5787476280834,0.6013016486102486,0.3312609997689267
234000026,720-2,114,정든마을.우성아파트,37.35984768184169,127.11802184956431,1760.5787476280834,0.6013016486102486,0.3312609997689267
234000026,720-2,114,정든마을.우성아파트,37.35976837718482,127.11808941992464,1760.5787476280834,0.6013016486102486,0.3312609997689267
234000026,720-2,116,이마트앞,37.35567808978948,127.11808743865524,1760.5787476280834,0.6013016486102486,0.3312609997689267
234000026,720-2,116,이마트앞,37.35567808978948,127.11808743865524,1760.5787476280834,0.6013016486102486,0.3312609997689267
234000026,720-2,116,이마트앞,37.3555713849819,127.11812414243133,1760.5787476280834,0.6013016486102486,0.3312609997689267
234000026,720-2,116,이마트앞,37.35565971501868,127.11807672083005,1760.5787476280834,0.6013016486102486,0.3312609997689267
234000026,720-2,116,이마트앞,37.3555713849819,127.11812414243133,1760.5787476280834,0.6013016486102486,0.3312609997689267
234000026,720-2,119,미금역.농협.2001아울렛,37.34747752418493,127.10999378958792,1760.5787476280834,0.6013016486102486,0.3312609997689267
234000026,720-2,119,미금역.농협.2001아울렛,37.347436917941664,127.10999720306592,1760.5787476280834,0.6013016486102486,0.3312609997689267
234000026,720-2,119,미금역.농협.2001아울렛,37.347455928358,127.11000537931758,1760.5787476280834,0.6013016486102486,0.3312609997689267
234000026,720-2,119,미금역.농협.2001아울렛,37.34745663826715,127.10974840957716,1760.5787476280834,0.6013016486102486,0.3312609997689267
234000026,720-2,121,하얀마을,37.34132541348696,127.10790835435829,1760.5787476280834,0.6013016486102486,0.3312609997689267
234000026,720-2,121,하얀마을,37.34132541348696,127.10790835435829,1760.5787476280834,0.6013016486102486,0.3312609997689267
234000026,720-2,121,하얀마을,37.34132541348696,127.10790835435829,1760.5787476280834,0.6013016486102486,0.3312609997689267
234000026,720-2,121,하얀마을,37.34134772715026,127.10792453529632,1760.5787476280834,0.6013016486102486,0.3312609997689267
234000026,720-2,121,하얀마을,37.34132541348696,127.10790835435829,1760.5787476280834,0.6013016486102486,0.3312609997689267
234000026,720-2,122,오리역,37.3374960193942,127.10792544492398,1760.5787476280834,0.6013016486102486,0.3312609997689267
234000026,720-2,122,오리역,37.3374960193942,127.10792544492398,1760.5787476280834,0.6013016486102486,0.3312609997689267
234000026,720-2,122,오리역,37.33746914794832,127.10793632314316,1760.5787476280834,0.6013016486102486,0.3312609997689267
234000026,720-2,122,오리역,37.33749286146987,127.10801212603774,1760.5787476280834,0.6013016486102486,0.3312609997689267
234000026,720-2,123,농수산물센터,37.3343423849356,127.10795478523558,1760.5787476280834,0.6013016486102486,0.3312609997689267
234000026,720-2,123,농수산물센터,37.3343423849356,127.10795478523558,1760.5787476280834,0.6013016486102486,0.3312609997689267
234000026,720-2,123,농수산물센터,37.3344459793231,127.108070689188,1760.5787476280834,0.6013016486102486,0.3312609997689267
234000026,720-2,123,농수산물센터,37.3343423849356,127.10795478523558,1760.5787476280834,0.6013016486102486,0.3312609997689267
234000026,720-2,123,농수산물센터,37.33431631418116,127.10797192566964,1760.5787476280834,0.6013016486102486,0.3312609997689267
234000026,720-2,123,농수산물센터,37.3343423849356,127.10795478523558,1760.5787476280834,0.6013016486102486,0.3312609997689267
234000026,720-2,124,벽산아파트,37.33213783313726,127.108096586231,1760.5787476280834,0.6013016486102486,0.3312609997689267
234000026,720-2,124,벽산아파트,37.33202665541588,127.10804174135735,1760.5787476280834,0.6013016486102486,0.3312609997689267
234000026,720-2,124,벽산아파트,37.33201136218168,127.1080575595522,1760.5787476280834,0.6013016486102486,0.3312609997689267
234000026,720-2,124,벽산아파트,37.33202445762063,127.10795210816634,1760.5787476280834,0.6013016486102486,0.3312609997689267
234000026,720-2,126,죽전동성2차아파트,37.32645830685347,127.10801120238588,1760.5787476280834,0.6013016486102486,0.3312609997689267
234000026,720-2,126,죽전동성2차아파트,37.32629745336174,127.1080618793368,1760.5787476280834,0.6013016486102486,0.3312609997689267
234000026,720-2,126,죽전동성2차아파트,37.32645830685347,127.10801120238588,1760.5787476280834,0.6013016486102486,0.3312609997689267
234000026,720-2,130,현대그린프라자,37.32134147391642,127.0963832831604,1760.5787476280834,0.6013016486102486,0.3312609997689267
234000026,720-2,130,현대그린프라자,37.32134147391642,127.0963832831604,1760.5787476280834,0.6013016486102486,0.3312609997689267
234000026,720-2,130,현대그린프라자,37.3213619556032,127.09643488785608,1760.5787476280834,0.6013016486102486,0.3312609997689267
234000026,720-2,130,현대그린프라자,37.32134147391642,127.0963832831604,1760.5787476280834,0.6013016486102486,0.3312609997689267
234000026,720-2,131,수지구청역,37.31968592733674,127.09344787886936,1760.5787476280834,0.6013016486102486,0.3312609997689267
234000026,720-2,131,수지구청역,37.31968592733674,127.09344787886936,1760.5787476280834,0.6013016486102486,0.3312609997689267
234000026,720-2,131,수지구청역,37.31968592733674,127.09344787886936,1760.5787476280834,0.6013016486102486,0.3312609997689267
234000026,720-2,131,수지구청역,37.31968592733674,127.09344787886936,1760.5787476280834,0.6013016486102486,0.3312609997689267
234000026,720-2,131,수지구청역,37.3196929833191,127.0935129039886,1760.5787476280834,0.6013016486102486,0.3312609997689267
234000026,720-2,131,수지구청역,37.3196929833191,127.0935129039886,1760.5787476280834,0.6013016486102486,0.3312609997689267
234000026,720-2,131,수지구청역,37.31970018611284,127.09349132276432,1760.5787476280834,0.6013016486102486,0.3312609997689267
234000026,720-2,132,주공아파트,37.31904708858789,127.0923076271642,1760.5787476280834,0.6013016486102486,0.3312609997689267
234000026,720-2,132,주공아파트,37.31904708858789,127.0923076271642,1760.5787476280834,0.6013016486102486,0.3312609997689267
234000026,720-2,132,주공아파트,37.31904708858789,127.0923076271642,1760.5787476280834,0.6013016486102486,0.3312609997689267
234000026,720-2,132,주공아파트,37.31901999367099,127.09239990949855,1760.5787476280834,0.6013016486102486,0.3312609997689267
234000026,720-2,132,주공아파트,37.31905384808358,127.092353891902,1760.5787476280834,0.6013016486102486,0.3312609997689267
234000026,720-2,136,정평공원.진흥아파트,37.3157011183732,127.08444047626662,1760.5787476280834,0.6013016486102486,0.3312609997689267
234000026,720-2,136,정평공원.진흥아파트,37.31557108330765,127.08449298501756,1760.5787476280834,0.6013016486102486,0.3312609997689267
234000026,720-2,136,정평공원.진흥아파트,37.3157011183732,127.08444047626662,1760.5787476280834,0.6013016486102486,0.3312609997689267
234000026,720-2,136,정평공원.진흥아파트,37.3157011183732,127.08444047626662,1760.5787476280834,0.6013016486102486,0.3312609997689267
234000026,720-2,137,이마트,37.315900871461984,127.08227468617068,1760.5787476280834,0.6013016486102486,0.3312609997689267
234000026,720-2,137,이마트,37.315756124176325,127.08238703567802,1760.5787476280834,0.6013016486102486,0.3312609997689267
234000026,720-2,137,이마트,37.31586546405779,127.08241894688416,1760.5787476280834,0.6013016486102486,0.3312609997689267
234000026,720-2,137,이마트,37.31571578659968,127.08234961785917,1760.5787476280834,0.6013016486102486,0.3312609997689267
234000026,720-2,139,성복역.롯데몰.두산기술원,37.30946866955671,127.0805530622043,1760.5787476280834,0.6013016486102486,0.3312609997689267
234000026,720-2,139,성복역.롯데몰.두산기술원,37.30943719091092,127.08046842595978,1760.5787476280834,0.6013016486102486,0.3312609997689267
234000026,720-2,139,성복역.롯데몰.두산기술원,37.309374062102144,127.08050889685993,1760.5787476280834,0.6013016486102486,0.3312609997689267
234000026,720-2,139,성복역.롯데몰.두산기술원,37.309374062102144,127.08050889685993,1760.5787476280834,0.6013016486102486,0.3312609997689267
234000026,720-2,139,성복역.롯데몰.두산기술원,37.309374062102144,127.08050889685993,1760.5787476280834,0.6013016486102486,0.3312609997689267
234000026,720-2,139,성복역.롯데몰.두산기술원,37.309363832241935,127.08037163687936,1760.5787476280834,0.6013016486102486,0.3312609997689267
234000026,720-2,139,성복역.롯데몰.두산기술원,37.309308111478565,127.08046424439758,1760.5787476280834,0.6013016486102486,0.3312609997689267
234000026,720-2,139,성복역.롯데몰.두산기술원,37.30930810247205,127.0804642387478,1760.5787476280834,0.6013016486102486,0.3312609997689267
234000026,720-2,139,성복역.롯데몰.두산기술원,37.30930810247205,127.0804642387478,1760.5787476280834,0.6013016486102486,0.3312609997689267
234000026,720-2,140,서원마을현대홈타운.삼성쉐르빌,37.3081069829579,127.08218723218909,1760.5787476280834,0.6013016486102486,0.3312609997689267
234000026,720-2,140,서원마을현대홈타운.삼성쉐르빌,37.30809446288489,127.08212520365814,1760.5787476280834,0.6013016486102486,0.3312609997689267
234000026,720-2,140,서원마을현대홈타운.삼성쉐르빌,37.30809446288489,127.08212520365814,1760.5787476280834,0.6013016486102486,0.3312609997689267
234000026,720-2,140,서원마을현대홈타운.삼성쉐르빌,37.30823474156978,127.0817097821654,1760.5787476280834,0.6013016486102486,0.3312609997689267
234000026,720-2,140,서원마을현대홈타운.삼성쉐르빌,37.30800102914337,127.0820329568295,1760.5787476280834,0.6013016486102486,0.3312609997689267
234000026,720-2,140,서원마을현대홈타운.삼성쉐르빌,37.308112013042816,127.0821748249794,1760.5787476280834,0.6013016486102486,0.3312609997689267
234000026,720-2,140,서원마을현대홈타운.삼성쉐르빌,37.30823474156978,127.0817097821654,1760.5787476280834,0.6013016486102486,0.3312609997689267
234000026,720-2,142,원희캐슬프라자,37.30442104135802,127.08319838515769,1760.5787476280834,0.6013016486102486,0.3312609997689267
234000026,720-2,142,원희캐슬프라자,37.30442104135802,127.08319838515769,1760.5787476280834,0.6013016486102486,0.3312609997689267
234000026,720-2,142,원희캐슬프라자,37.30442104135802,127.08319838515769,1760.5787476280834,0.6013016486102486,0.3312609997689267
234000026,720-2,142,원희캐슬프라자,37.30442104135802,127.08319838515769,1760.5787476280834,0.6013016486102486,0.3312609997689267
234000026,720-2,142,원희캐슬프라자,37.30442103739317,127.08320402495602,1760.5787476280834,0.6013016486102486,0.3312609997689267
234000026,720-2,142,원희캐슬프라자,37.304412567908685,127.08326644372184,1760.5787476280834,0.6013016486102486,0.3312609997689267
234000026,720-2,142,원희캐슬프라자,37.304412567908685,127.08326644372184,1760.5787476280834,0.6013016486102486,0.3312609997689267
234000026,720-2,142,원희캐슬프라자,37.30444694053652,127.08313070106765,1760.5787476280834,0.6013016486102486,0.3312609997689267
234000026,720-2,143,상현1동행정복지센터.금호베스트빌,37.30118893550955,127.07939376032036,1760.5787476280834,0.6013016486102486,0.3312609997689267
234000026,720-2,143,상현1동행정복지센터.금호베스트빌,37.30118893550955,127.07939376032036,1760.5787476280834,0.6013016486102486,0.3312609997689267
234000026,720-2,143,상현1동행정복지센터.금호베스트빌,37.30121195671396,127.0795256882635,1760.5787476280834,0.6013016486102486,0.3312609997689267
234000026,720-2,143,상현1동행정복지센터.금호베스트빌,37.301154952815374,127.07943152644968,1760.5787476280834,0.6013016486102486,0.3312609997689267
234000026,720-2,143,상현1동행정복지센터.금호베스트빌,37.301154952815295,127.07943152656247,1760.5787476280834,0.6013016486102486,0.3312609997689267
234000026,720-2,143,상현1동행정복지센터.금호베스트빌,37.30115495011598,127.07943152092008,1760.5787476280834,0.6013016486102486,0.3312609997689267
234000026,720-2,146,상현마을현대2차아이파크,37.29716910378718,127.06675758925128,1760.5787476280834,0.6013016486102486,0.3312609997689267
234000026,720-2,146,상현마을현대2차아이파크,37.29716910378718,127.06675758925128,1760.5787476280834,0.6013016486102486,0.3312609997689267
234000026,720-2,146,상현마을현대2차아이파크,37.29716910378718,127.06675758925128,1760.5787476280834,0.6013016486102486,0.3312609997689267
234000026,720-2,146,상현마을현대2차아이파크,37.29980666975111,127.0723023712352,1760.5787476280834,0.6013016486102486,0.3312609997689267
234000026,720-2,146,상현마을현대2차아이파크,37.29978441482093,127.07216101386388,1760.5787476280834,0.6013016486102486,0.3312609997689267
234000026,720-2,146,상현마을현대2차아이파크,37.29978441482093,127.07216101386388,1760.5787476280834,0.6013016486102486,0.3312609997689267
234000026,720-2,146,상현마을현대2차아이파크,37.29716910378718,127.06675758925128,1760.5787476280834,0.6013016486102486,0.3312609997689267
234000026,720-2,147,광교마을.린병원.독바위,37.29653977005589,127.06424194326844,1760.5787476280834,0.6013016486102486,0.3312609997689267
234000026,720-2,147,광교마을.린병원.독바위,37.29660601512122,127.06487970513942,1760.5787476280834,0.6013016486102486,0.3312609997689267
234000026,720-2,147,광교마을.린병원.독바위,37.29660601512122,127.06487970513942,1760.5787476280834,0.6013016486102486,0.3312609997689267
234000026,720-2,147,광교마을.린병원.독바위,37.29660601512122,127.06487970513942,1760.5787476280834,0.6013016486102486,0.3312609997689267
234000026,720-2,147,광교마을.린병원.독바위,37.29682134446156,127.06539468351616,1760.5787476280834,0.6013016486102486,0.3312609997689267
234000026,720-2,147,광교마을.린병원.독바위,37.29660601512122,127.06487970513942,1760.5787476280834,0.6013016486102486,0.3312609997689267
234000026,720-2,147,광교마을.린병원.독바위,37.29681450465565,127.0653621211614,1760.5787476280834,0.6013016486102486,0.3312609997689267
234000026,720-2,147,광교마을.린병원.독바위,37.296825395127016,127.0653513562598,1760.5787476280834,0.6013016486102486,0.3312609997689267
234000026,720-2,147,광교마을.린병원.독바위,37.296825395127016,127.0653513562598,1760.5787476280834,0.6013016486102486,0.3312609997689267
234000026,720-2,148,광교역사공원.광교카페거리,37.29307149043328,127.0539331249988,1760.5787476280834,0.6013016486102486,0.3312609997689267
234000026,720-2,148,광교역사공원.광교카페거리,37.29307149043328,127.0539331249988,1760.5787476280834,0.6013016486102486,0.3312609997689267
234000026,720-2,148,광교역사공원.광교카페거리,37.292989226198166,127.05400909172724,1760.5787476280834,0.6013016486102486,0.3312609997689267
234000026,720-2,148,광교역사공원.광교카페거리,37.29298432481983,127.05394923528269,1760.5787476280834,0.6013016486102486,0.3312609997689267
234000026,720-2,148,광교역사공원.광교카페거리,37.29298555058016,127.0539484692608,1760.5787476280834,0.6013016486102486,0.3312609997689267
234000026,720-2,148,광교역사공원.광교카페거리,37.292992399193245,127.05400614933563,1760.5787476280834,0.6013016486102486,0.3312609997689267
234000026,720-2,155,아주대학교입구,37.27306829758346,127.04305895434382,1760.5787476280834,0.6013016486102486,0.3312609997689267
234000026,720-2,155,아주대학교입구,37.273072435418506,127.0430433837682,1760.5787476280834,0.6013016486102486,0.3312609997689267
234000026,720-2,155,아주대학교입구,37.27306829758346,127.04305895434382,1760.5787476280834,0.6013016486102486,0.3312609997689267
234000026,720-2,155,아주대학교입구,37.27312551888077,127.04311890194806,1760.5787476280834,0.6013016486102486,0.3312609997689267
234000026,720-2,155,아주대학교입구,37.27312551888077,127.04311890194806,1760.5787476280834,0.6013016486102486,0.3312609997689267
234000026,720-2,157,우만동선경아파트,37.27344813021472,127.0390340009222,1760.5787476280834,0.6013016486102486,0.3312609997689267
234000026,720-2,157,우만동선경아파트,37.27344813021472,127.0390340009222,1760.5787476280834,0.6013016486102486,0.3312609997689267
234000026,720-2,157,우만동선경아파트,37.2734276920552,127.03902262518808,1760.5787476280834,0.6013016486102486,0.3312609997689267
234000026,720-2,157,우만동선경아파트,37.27344813021472,127.0390340009222,1760.5787476280834,0.6013016486102486,0.3312609997689267
234000026,720-2,157,우만동선경아파트,37.27349172366687,127.0390961869691,1760.5787476280834,0.6013016486102486,0.3312609997689267
234000026,720-2,157,우만동선경아파트,37.27344813021472,127.0390340009222,1760.5787476280834,0.6013016486102486,0.3312609997689267
234000026,720-2,157,우만동선경아파트,37.27349172006419,127.03909618245726,1760.5787476280834,0.6013016486102486,0.3312609997689267
234000026,720-2,157,우만동선경아파트,37.27349172006419,127.03909618245726,1760.5787476280834,0.6013016486102486,0.3312609997689267
234000026,720-2,159,수원고용복지플러스센터.동수원병원.라마다호텔,37.27473806188091,127.03437801848482,1760.5787476280834,0.6013016486102486,0.3312609997689267
234000026,720-2,159,수원고용복지플러스센터.동수원병원.라마다호텔,37.27473806188091,127.03437801848482,1760.5787476280834,0.6013016486102486,0.3312609997689267
234000026,720-2,159,수원고용복지플러스센터.동수원병원.라마다호텔,37.27473806188091,127.03437801848482,1760.5787476280834,0.6013016486102486,0.3312609997689267
234000026,720-2,159,수원고용복지플러스센터.동수원병원.라마다호텔,37.27473806188091,127.03437801848482,1760.5787476280834,0.6013016486102486,0.3312609997689267
234000026,720-2,159,수원고용복지플러스센터.동수원병원.라마다호텔,37.27473806188091,127.03437801848482,1760.5787476280834,0.6013016486102486,0.3312609997689267
234000026,720-2,159,수원고용복지플러스센터.동수원병원.라마다호텔,37.27473689349023,127.03436781730024,1760.5787476280834,0.6013016486102486,0.3312609997689267
234000026,720-2,159,수원고용복지플러스센터.동수원병원.라마다호텔,37.27473689349023,127.03436781730024,1760.5787476280834,0.6013016486102486,0.3312609997689267
234000026,720-2,159,수원고용복지플러스센터.동수원병원.라마다호텔,37.274824278678125,127.03442508763808,1760.5787476280834,0.6013016486102486,0.3312609997689267
234000026,720-2,159,수원고용복지플러스센터.동수원병원.라마다호텔,37.274880314890815,127.03441095150414,1760.5787476280834,0.6013016486102486,0.3312609997689267
234000026,720-2,160,동수원사거리,37.27558657276406,127.02861672372268,1760.5787476280834,0.6013016486102486,0.3312609997689267
234000026,720-2,160,동수원사거리,37.27558657276406,127.02861672372268,1760.5787476280834,0.6013016486102486,0.3312609997689267
234000026,720-2,160,동수원사거리,37.27555792301446,127.0286215668946,1760.5787476280834,0.6013016486102486,0.3312609997689267
234000026,720-2,160,동수원사거리,37.27560029491374,127.02860095814552,1760.5787476280834,0.6013016486102486,0.3312609997689267
234000026,720-2,160,동수원사거리,37.27560029491374,127.02860095814552,1760.5787476280834,0.6013016486102486,0.3312609997689267
234000026,720-2,163,영동시장,37.2726061640716,127.01835547280758,1760.5787476280834,0.6013016486102486,0.3312609997689267
234000026,720-2,163,영동시장,37.2726061640716,127.01835547280758,1760.5787476280834,0.6013016486102486,0.3312609997689267
234000026,720-2,163,영동시장,37.2726061640716,127.01835547280758,1760.5787476280834,0.6013016486102486,0.3312609997689267
234000026,720-2,163,영동시장,37.2726061640716,127.01835547280758,1760.5787476280834,0.6013016486102486,0.3312609997689267
234000026,720-2,163,영동시장,37.27259883670614,127.0183851588606,1760.5787476280834,0.6013016486102486,0.3312609997689267
234000026,720-2,163,영동시장,37.27260630512306,127.01774956071812,1760.5787476280834,0.6013016486102486,0.3312609997689267
234000026,720-2,163,영동시장,37.27259161233258,127.01775235117871,1760.5787476280834,0.6013016486102486,0.3312609997689267
234000026,720-2,163,영동시장,37.27260630512306,127.01774956071812,1760.5787476280834,0.6013016486102486,0.3312609997689267
234000026,720-2,163,영동시장,37.27260630512306,127.01774956071812,1760.5787476280834,0.6013016486102486,0.3312609997689267
234000026,720-2,166,세무서.신용회복위원회,37.26621903798522,127.00626829294322,1760.5787476280834,0.6013016486102486,0.3312609997689267
234000026,720-2,166,세무서.신용회복위원회,37.26619828775564,127.00625384935093,1760.5787476280834,0.6013016486102486,0.3312609997689267
234000026,720-2,166,세무서.신용회복위원회,37.26619736969668,127.00623481892347,1760.5787476280834,0.6013016486102486,0.3312609997689267
234000026,720-2,168,센트라우스.서수원검사소,37.26684978181849,126.99401350483056,1760.5787476280834,0.6013016486102486,0.3312609997689267
234000026,720-2,168,센트라우스.서수원검사소,37.266819870982346,126.99399857929797,1760.5787476280834,0.6013016486102486,0.3312609997689267
234000026,720-2,168,센트라우스.서수원검사소,37.26684937543186,126.99401317227968,1760.5787476280834,0.6013016486102486,0.3312609997689267
234000026,720-2,168,센트라우스.서수원검사소,37.266819870982346,126.99399857929797,1760.5787476280834,0.6013016486102486,0.3312609997689267
234000026,720-2,168,센트라우스.서수원검사소,37.26684978181849,126.99401350483056,1760.5787476280834,0.6013016486102486,0.3312609997689267
234000026,720-2,168,센트라우스.서수원검사소,37.26684937543186,126.99401317227968,1760.5787476280834,0.6013016486102486,0.3312609997689267
234000026,720-2,168,센트라우스.서수원검사소,37.26684937543186,126.99401317227968,1760.5787476280834,0.6013016486102486,0.3312609997689267
234000026,720-2,168,센트라우스.서수원검사소,37.26684937543186,126.99401317227968,1760.5787476280834,0.6013016486102486,0.3312609997689267
234000026,720-2,169,서호초등학교,37.26578627386075,126.98990990993568,1760.5787476280834,0.6013016486102486,0.3312609997689267
234000026,720-2,169,서호초등학교,37.26578627386075,126.98990990993568,1760.5787476280834,0.6013016486102486,0.3312609997689267
234000026,720-2,169,서호초등학교,37.26577400978511,126.98990997583286,1760.5787476280834,0.6013016486102486,0.3312609997689267
234000026,720-2,169,서호초등학교,37.26578627386075,126.98990990993568,1760.5787476280834,0.6013016486102486,0.3312609997689267
234000026,720-2,169,서호초등학교,37.265803376352,126.98991831568831,1760.5787476280834,0.6013016486102486,0.3312609997689267
234000026,720-2,169,서호초등학교,37.26580337653221,126.98991831580103,1760.5787476280834,0.6013016486102486,0.3312609997689267
234000026,720-2,170,서호중학교,37.26460569289435,126.98763278658646,1760.5787476280834,0.6013016486102486,0.3312609997689267
234000026,720-2,170,서호중학교,37.264371322961125,126.98770319379908,1760.5787476280834,0.6013016486102486,0.3312609997689267
234000026,720-2,170,서호중학교,37.263808817018266,126.98788925259056,1760.5787476280834,0.6013016486102486,0.3312609997689267
234000026,720-2,170,서호중학교,37.26460569289435,126.98763278658646,1760.5787476280834,0.6013016486102486,0.3312609997689267
234000026,720-2,172,경기상상캠퍼스.푸른지대,37.26337931510606,126.98049687127478,1760.5787476280834,0.6013016486102486,0.3312609997689267
234000026,720-2,172,경기상상캠퍼스.푸른지대,37.26338396064732,126.9805173494904,1760.5787476280834,0.6013016486102486,0.3312609997689267
234000026,720-2,172,경기상상캠퍼스.푸른지대,37.26337931510606,126.98049687127478,1760.5787476280834,0.6013016486102486,0.3312609997689267
234000026,720-2,172,경기상상캠퍼스.푸른지대,37.26337931510606,126.98049687127478,1760.5787476280834,0.6013016486102486,0.3312609997689267
234000026,720-2,173,탑동입구,37.26630745704743,126.97906432816272,1760.5787476280834,0.6013016486102486,0.3312609997689267
234000026,720-2,173,탑동입구,37.26630745704743,126.97906432816272,1760.5787476280834,0.6013016486102486,0.3312609997689267
234000026,720-2,173,탑동입구,37.26630745704743,126.97906432816272,1760.5787476280834,0.6013016486102486,0.3312609997689267
234000026,720-2,173,탑동입구,37.26632266512527,126.97906599249322,1760.5787476280834,0.6013016486102486,0.3312609997689267
234000026,720-2,173,탑동입구,37.26630745704743,126.97906432816272,1760.5787476280834,0.6013016486102486,0.3312609997689267
234000026,720-2,173,탑동입구,37.26627116323586,126.97913153863976,1760.5787476280834,0.6013016486102486,0.3312609997689267
234000026,720-2,174,탑골1길,37.26658629529775,126.97648251351164,1760.5787476280834,0.6013016486102486,0.3312609997689267
234000026,720-2,174,탑골1길,37.26657255825351,126.97652003188756,1760.5787476280834,0.6013016486102486,0.3312609997689267
234000026,720-2,174,탑골1길,37.26658629529775,126.97648251351164,1760.5787476280834,0.6013016486102486,0.3312609997689267
234000026,720-2,175,우방아파트,37.266144283495485,126.97408131095888,1760.5787476280834,0.6013016486102486,0.3312609997689267
234000026,720-2,175,우방아파트,37.266144283495485,126.97408131095888,1760.5787476280834,0.6013016486102486,0.3312609997689267
234000026,720-2,175,우방아파트,37.266144283495485,126.97408131095888,1760.5787476280834,0.6013016486102486,0.3312609997689267
234000026,720-2,175,우방아파트,37.26613464478578,126.97407186899288,1760.5787476280834,0.6013016486102486,0.3312609997689267
234000026,720-2,175,우방아파트,37.266144283495485,126.97408131095888,1760.5787476280834,0.6013016486102486,0.3312609997689267
234000026,720-2,176,서부경찰서.권선구청입구,37.25568282879624,126.97252931285728,1760.5787476280834,0.6013016486102486,0.3312609997689267
234000026,720-2,176,서부경찰서.권선구청입구,37.25568282879624,126.97252931285728,1760.5787476280834,0.6013016486102486,0.3312609997689267
234000026,720-2,176,서부경찰서.권선구청입구,37.25568282879624,126.97252931285728,1760.5787476280834,0.6013016486102486,0.3312609997689267
234000026,720-2,176,서부경찰서.권선구청입구,37.25568282879624,126.97252931285728,1760.5787476280834,0.6013016486102486,0.3312609997689267
234000026,720-2,176,서부경찰서.권선구청입구,37.25569903703949,126.97257325106196,1760.5787476280834,0.6013016486102486,0.3312609997689267
234000026,720-2,176,서부경찰서.권선구청입구,37.25568282879624,126.97252931285728,1760.5787476280834,0.6013016486102486,0.3312609997689267
234000026,720-2,176,서부경찰서.권선구청입구,37.25584434683893,126.97259803703147,1760.5787476280834,0.6013016486102486,0.3312609997689267
234000026,720-2,178,우림.대한아파트,37.24317061412228,126.97731970663028,1760.5787476280834,0.6013016486102486,0.3312609997689267
234000026,720-2,178,우림.대한아파트,37.24317061412228,126.97731970663028,1760.5787476280834,0.6013016486102486,0.3312609997689267
234000026,720-2,178,우림.대한아파트,37.24317061412228,126.97731970663028,1760.5787476280834,0.6013016486102486,0.3312609997689267
234000026,720-2,178,우림.대한아파트,37.24317061412228,126.97731970663028,1760.5787476280834,0.6013016486102486,0.3312609997689267
234000026,720-2,178,우림.대한아파트,37.24317061412228,126.97731970663028,1760.5787476280834,0.6013016486102486,0.3312609997689267
234000026,720-2,178,우림.대한아파트,37.24307462585756,126.97733102659072,1760.5787476280834,0.6013016486102486,0.3312609997689267
234000026,720-2,178,우림.대한아파트,37.24313251632732,126.9771814670444,1760.5787476280834,0.6013016486102486,0.3312609997689267
234000026,720-2,178,우림.대한아파트,37.24312780593748,126.97718289519295,1760.5787476280834,0.6013016486102486,0.3312609997689267
234000026,720-2,179,오목천공원,37.24023008298253,126.973267474095,1760.5787476280834,0.6013016486102486,0.3312609997689267
234000026,720-2,179,오목천공원,37.24023008298253,126.973267474095,1760.5787476280834,0.6013016486102486,0.3312609997689267
234000026,720-2,179,오목천공원,37.24023008298253,126.973267474095,1760.5787476280834,0.6013016486102486,0.3312609997689267
234000026,720-2,179,오목천공원,37.24023008298253,126.973267474095,1760.5787476280834,0.6013016486102486,0.3312609997689267
234000026,720-2,179,오목천공원,37.24022541026361,126.973339882341,1760.5787476280834,0.6013016486102486,0.3312609997689267
234000026,720-2,179,오목천공원,37.24023008298253,126.973267474095,1760.5787476280834,0.6013016486102486,0.3312609997689267
234000026,720-2,179,오목천공원,37.24022743915945,126.9732907476522,1760.5787476280834,0.6013016486102486,0.3312609997689267
234000026,720-2,180,청구1차아파트,37.23753481066624,126.9686027971233,1760.5787476280834,0.6013016486102486,0.3312609997689267
234000026,720-2,180,청구1차아파트,37.23753481066624,126.9686027971233,1760.5787476280834,0.6013016486102486,0.3312609997689267
234000026,720-2,180,청구1차아파트,37.23753481066624,126.9686027971233,1760.5787476280834,0.6013016486102486,0.3312609997689267
234000026,720-2,180,청구1차아파트,37.23753481066624,126.9686027971233,1760.5787476280834,0.6013016486102486,0.3312609997689267
234000026,720-2,180,청구1차아파트,37.23751961838836,126.96856302612976,1760.5787476280834,0.6013016486102486,0.3312609997689267
234000026,720-2,180,청구1차아파트,37.23749669704122,126.96861876509018,1760.5787476280834,0.6013016486102486,0.3312609997689267
234000026,720-2,180,청구1차아파트,37.23747654523869,126.96849017574208,1760.5787476280834,0.6013016486102486,0.3312609997689267
234000026,720-2,183,국립축산과학원,37.23321779752232,126.9650323169029,1760.5787476280834,0.6013016486102486,0.3312609997689267
234000026,720-2,183,국립축산과학원,37.23321779752232,126.9650323169029,1760.5787476280834,0.6013016486102486,0.3312609997689267
234000026,720-2,183,국립축산과학원,37.23324902147052,126.96505359299798,1760.5787476280834,0.6013016486102486,0.3312609997689267
234000026,720-2,183,국립축산과학원,37.23338273670597,126.96511128273734,1760.5787476280834,0.6013016486102486,0.3312609997689267
234000026,720-2,183,국립축산과학원,37.23338273670597,126.96511128273734,1760.5787476280834,0.6013016486102486,0.3312609997689267
234000026,720-2,185,신일우남아파트,37.22384847801542,126.97085072341962,1760.5787476280834,0.6013016486102486,0.3312609997689267
234000026,720-2,185,신일우남아파트,37.22384847801542,126.97085072341962,1760.5787476280834,0.6013016486102486,0.3312609997689267
234000026,720-2,185,신일우남아파트,37.22384847801542,126.97085072341962,1760.5787476280834,0.6013016486102486,0.3312609997689267
234000026,720-2,185,신일우남아파트,37.22384847801542,126.97085072341962,1760.5787476280834,0.6013016486102486,0.3312609997689267
234000026,720-2,185,신일우남아파트,37.22384847801542,126.97085072341962,1760.5787476280834,0.6013016486102486,0.3312609997689267
234000026,720-2,185,신일우남아파트,37.22387067386739,126.97086671374451,1760.5787476280834,0.6013016486102486,0.3312609997689267
234000026,720-2,185,신일우남아파트,37.22387067386739,126.97086671374451,1760.5787476280834,0.6013016486102486,0.3312609997689267
234000026,720-2,187,봉담이마트,37.21974241895706,126.97282684299276,1760.5787476280834,0.6013016486102486,0.3312609997689267
234000026,720-2,187,봉담이마트,37.21988430240008,126.97268877124574,1760.5787476280834,0.6013016486102486,0.3312609997689267
234000026,720-2,187,봉담이마트,37.21988430240008,126.97268877124574,1760.5787476280834,0.6013016486102486,0.3312609997689267
234000026,720-2,187,봉담이마트,37.21975650479757,126.97289257180918,1760.5787476280834,0.6013016486102486,0.3312609997689267
234000026,720-2,187,봉담이마트,37.21975650479757,126.97289257180918,1760.5787476280834,0.6013016486102486,0.3312609997689267
234000026,720-2,187,봉담이마트,37.21975649939076,126.97289256955771,1760.5787476280834,0.6013016486102486,0.3312609997689267
234000026,720-2,187,봉담이마트,37.21980018088107,126.97284729440446,1760.5787476280834,0.6013016486102486,0.3312609997689267
234000026,720-2,187,봉담이마트,37.21980018088107,126.97284729440446,1760.5787476280834,0.6013016486102486,0.3312609997689267
234000026,720-2,190,수원대학교,37.21130004405143,126.97839681060806,1760.5787476280834,0.6013016486102486,0.3312609997689267
234000026,720-2,190,수원대학교,37.21106431247662,126.9789894749882,1760.5787476280834,0.6013016486102486,0.3312609997689267
234000026,720-2,190,수원대학교,37.21106431247662,126.9789894749882,1760.5787476280834,0.6013016486102486,0.3312609997689267
234000026,720-2,190,수원대학교,37.21107159243856,126.9789865213568,1760.5787476280834,0.6013016486102486,0.3312609997689267
234000026,720-2,192,융건릉사거리,37.20506894957207,126.98681454469136,1760.5787476280834,0.6013016486102486,0.3312609997689267
234000026,720-2,192,융건릉사거리,37.20506894957207,126.98681454469136,1760.5787476280834,0.6013016486102486,0.3312609997689267
234000026,720-2,192,융건릉사거리,37.20512598118812,126.9867704003537,1760.5787476280834,0.6013016486102486,0.3312609997689267
234000026,720-2,193,안녕4통입구,37.20246460947561,126.98433682559644,1760.5787476280834,0.6013016486102486,0.3312609997689267
234000026,720-2,193,안녕4통입구,37.20246460947561,126.98433682559644,1760.5787476280834,0.6013016486102486,0.3312609997689267
234000026,720-2,193,안녕4통입구,37.20266311619594,126.98465089709671,1760.5787476280834,0.6013016486102486,0.3312609997689267
234000026,720-2,193,안녕4통입구,37.20266311619594,126.98465089709671,1760.5787476280834,0.6013016486102486,0.3312609997689267
234000026,720-2,193,안녕4통입구,37.202704979267565,126.98472229061734,1760.5787476280834,0.6013016486102486,0.3312609997689267
234000026,720-2,194,그린피아호텔,37.20062161988933,126.98195483976647,1760.5787476280834,0.6013016486102486,0.3312609997689267
234000026,720-2,194,그린피아호텔,37.20070367347456,126.98202729832612,1760.5787476280834,0.6013016486102486,0.3312609997689267
234000026,720-2,194,그린피아호텔,37.20070367347456,126.98202729832612,1760.5787476280834,0.6013016486102486,0.3312609997689267
